"","ID","Description","setSize","enrichmentScore","NES","pvalue","p.adjust","qvalues","rank","leading_edge","core_enrichment"
"hsa00350","hsa00350","Tyrosine metabolism",36,-0.669099663543569,-1.86306206458031,0.00191570881226054,0.0170114942528736,0.0118572292800968,678,"tags=28%, list=4%, signal=27%","MAOB/LRTOMT/ADH6/ALDH3B2/MAOA/ALDH1A3/ADH1C/ADH7/ALDH3A1"
"hsa05204","hsa05204","Chemical carcinogenesis",62,-0.590827888140113,-1.81620547688682,0.00191570881226054,0.0170114942528736,0.0118572292800968,1345,"tags=27%, list=7%, signal=26%","EPHX1/CYP1B1/GSTO2/CBR1/CYP2C18/MGST1/NAT1/ADH6/ALDH3B2/CYP2E1/AKR1C2/ALDH1A3/GSTA3/ADH1C/ADH7/ALDH3A1"
"hsa00980","hsa00980","Metabolism of xenobiotics by cytochrome P450",57,-0.649961709258039,-1.94612938186,0.00195694716242661,0.0170114942528736,0.0118572292800968,2614,"tags=37%, list=14%, signal=32%","GSTM2/CBR3/MGST2/AKR7A2/ADH1A/EPHX1/CYP1B1/GSTO2/CBR1/MGST1/CYP2F1/ADH6/AKR1C1/ALDH3B2/CYP2E1/ALDH1A3/GSTA3/ADH1C/ADH7/ALDH3A1"
"hsa00140","hsa00140","Steroid hormone biosynthesis",45,-0.637949457099192,-1.83857480702958,0.00196463654223969,0.0170114942528736,0.0118572292800968,1397,"tags=27%, list=7%, signal=25%","SULT2B1/CYP1B1/STS/HSD17B2/LRTOMT/SRD5A3/SRD5A2/AKR1C1/CYP2E1/AKR1C2/AKR1C3"
"hsa00830","hsa00830","Retinol metabolism",44,-0.637632072772725,-1.83524954161875,0.00196463654223969,0.0170114942528736,0.0118572292800968,1320,"tags=20%, list=7%, signal=19%","DHRS3/CYP2C18/ADH6/RDH10/ALDH1A1/ADH1C/ADH7/DHRS9"
"hsa00270","hsa00270","Cysteine and methionine metabolism",48,0.569677225044544,1.69745746448784,0.00198412698412698,0.0170114942528736,0.0118572292800968,3687,"tags=46%, list=19%, signal=37%","PSAT1/LDHA/AHCY/PHGDH/MTR/ENOPH1/BCAT1/IL4I1/DNMT1/MAT2A/APIP/ADI1/MDH1/DNMT3A/SRM/LDHB/AMD1/DNMT3B/CBS/BCAT2/SDSL/MRI1"
"hsa03460","hsa03460","Fanconi anemia pathway",48,0.641753594930817,1.91222218861223,0.00198412698412698,0.0170114942528736,0.0118572292800968,3663,"tags=54%, list=19%, signal=44%","FANCI/UBE2T/BRCA1/RAD51C/RMI2/FANCL/EME1/RAD51/BRIP1/FANCG/RMI1/PALB2/RPA1/ATR/FANCM/POLI/REV3L/BRCA2/USP1/FAN1/BLM/POLK/RPA3/FANCB/CENPX/RPA4"
"hsa00982","hsa00982","Drug metabolism - cytochrome P450",53,-0.676556219992317,-1.9970748459342,0.00198807157057654,0.0170114942528736,0.0118572292800968,1102,"tags=25%, list=6%, signal=23%","MGST1/FMO2/MAOB/ADH6/ALDH3B2/MAOA/CYP2E1/ALDH1A3/GSTA3/ADH1C/ADH7/ALDH3A1"
"hsa03050","hsa03050","Proteasome",41,0.698063014654194,2.02451672379514,0.00200803212851406,0.0170114942528736,0.0118572292800968,4851,"tags=85%, list=26%, signal=64%","IFNG/PSMA2/PSMA1/PSMA4/PSMB2/PSMD14/PSMB3/PSMA7/PSMD12/PSMC2/PSMA3/PSMB9/PSME3/PSMC3/PSMF1/PSMB4/PSMC4/PSMD11/PSMD2/PSMC5/PSMD4/PSMA5/PSME4/PSMD1/PSMD13/PSMD8/PSMB5/PSMB7/ADRM1/PSMD7/PSMB1/PSME1/PSMD3/SEM1/POMP"
"hsa03440","hsa03440","Homologous recombination",41,0.703374447050553,2.0399208971835,0.00200803212851406,0.0170114942528736,0.0118572292800968,3257,"tags=63%, list=17%, signal=53%","BRCA1/RBBP8/RAD51C/RAD54B/SSBP1/TOPBP1/EME1/NBN/RAD51/BRIP1/MRE11/PALB2/RPA1/BARD1/RAD50/POLD2/RAD54L/RAD52/BRCA2/POLD1/XRCC2/POLD3/BLM/BRCC3/RPA3/BABAM1"
"hsa00970","hsa00970","Aminoacyl-tRNA biosynthesis",39,0.618612170573083,1.77891028895698,0.00202020202020202,0.0170114942528736,0.0118572292800968,4508,"tags=64%, list=24%, signal=49%","TARS/IARS/EARS2/GARS/EPRS/TARSL2/DARS/YARS/YARS2/NARS2/IARS2/AARS/WARS2/FARSA/FARSB/LARS/GATC/RARS/PSTK/RARS2/HARS2/CARS2/SARS/NARS/DARS2"
"hsa05145","hsa05145","Toxoplasmosis",104,0.481274004069701,1.63281616745716,0.00206185567010309,0.0170114942528736,0.0118572292800968,3322,"tags=30%, list=18%, signal=25%","LAMB1/SOCS1/AKT3/LAMA4/IFNG/LAMC1/HLA-DQA1/BCL2/CYCS/LAMA3/NFKBIA/BIRC3/CCR5/STAT1/JAK2/ITGA6/TYK2/PPIF/MAPK8/LAMB3/BIRC2/CHUK/MAP3K7/LY96/ITGB1/TGFB2/IRAK1/CD40/LAMA2/GNAI3/TLR4"
"hsa04350","hsa04350","TGF-beta signaling pathway",89,0.517908964131159,1.71263539276425,0.0020746887966805,0.0170114942528736,0.0118572292800968,2909,"tags=33%, list=15%, signal=28%","GREM1/FBN1/INHBA/MYC/IFNG/ID2/RBL1/SMAD5/BMP2/SMAD1/E2F5/BMPR1A/BAMBI/SMAD4/LTBP1/TFDP1/ACVR1C/CUL1/TGIF2/FMOD/EP300/SMAD7/INHBE/THBS1/RBX1/TGFB2/BMP7/SMAD6/BMPR2"
"hsa04512","hsa04512","ECM-receptor interaction",85,0.649979149213852,2.13206680068127,0.0020746887966805,0.0170114942528736,0.0118572292800968,717,"tags=21%, list=4%, signal=20%","LAMB1/FN1/COL1A1/COL4A1/SPP1/COL4A2/FRAS1/HMMR/NPNT/COL4A5/COL6A3/LAMA4/COL1A2/THBS2/ITGAV/LAMC1/LAMA3/COL4A4"
"hsa04974","hsa04974","Protein digestion and absorption",85,0.560328363928611,1.83799357818967,0.0020746887966805,0.0170114942528736,0.0118572292800968,1194,"tags=19%, list=6%, signal=18%","COL1A1/COL4A1/COL5A2/COL4A2/COL3A1/COL22A1/COL15A1/COL27A1/COL4A5/COL6A3/COL12A1/COL1A2/COL5A1/COL4A4/COL7A1/COL10A1"
"hsa03030","hsa03030","DNA replication",36,0.759966935032414,2.14338070225138,0.00208333333333333,0.0170114942528736,0.0118572292800968,2770,"tags=72%, list=15%, signal=62%","DNA2/PCNA/MCM6/MCM2/MCM4/RFC4/RFC3/MCM7/FEN1/POLE2/SSBP1/MCM3/PRIM2/RNASEH2A/PRIM1/POLA1/RFC1/RPA1/MCM5/RFC2/POLE3/POLD2/RFC5/RNASEH1/POLD1/POLD3"
"hsa05222","hsa05222","Small cell lung cancer",92,0.667357835014665,2.21419146526999,0.00208333333333333,0.0170114942528736,0.0118572292800968,1600,"tags=34%, list=8%, signal=31%","PTGS2/LAMB1/FN1/COL4A1/COL4A2/CCNE2/CKS2/CDK4/AKT3/COL4A5/LAMA4/MYC/CKS1B/ITGAV/SKP2/LAMC1/E2F3/BCL2/CYCS/LAMA3/NFKBIA/COL4A4/BIRC3/ITGA6/GADD45A/PIK3CB/PTK2/LAMB3/TP53/TRAF1/CDK2"
"hsa03010","hsa03010","Ribosome",112,0.584101955167228,1.98675595838587,0.00210526315789474,0.0170114942528736,0.0118572292800968,5737,"tags=70%, list=30%, signal=49%","MRPL3/MRPL19/MRPL13/MRPS17/MRPL15/MRPS12/RPL22L1/MRPL32/MRPL30/MRPL9/MRPL12/MRPL11/RPS27L/MRPL21/MRPL24/MRPL34/MRPS10/MRPS15/MRPL1/RPL26L1/MRPL17/MRPL4/RPL6/RSL24D1/RPS19/RPL35/MRPL36/RPL36/MRPS14/MRPS11/RPS15/RPLP0/MRPL33/RPS5/MRPS2/RPL8/MRPL18/MRPL35/RPS7/RPS15A/MRPS21/MRPL16/MRPS5/RPL24/MRPS16/MRPL14/RPS4Y1/MRPS7/RPL30/MRPL27/MRPS9/RPS21/RPS27A/RPS24/RPS17/RPL35A/RPL38/RPL27/RPL7/RPS28/MRPL2/UBA52/MRPL22/RPS3/RPS2/RPS12/RPL37A/MRPL20/RPS23/RPS8/RPLP1/RPL9/RPL23A/FAU/RPS10/RPL22/MRPL28/RPS18"
"hsa04620","hsa04620","Toll-like receptor signaling pathway",95,0.565569154139369,1.88266781094965,0.00210526315789474,0.0170114942528736,0.0118572292800968,3322,"tags=32%, list=18%, signal=26%","CXCL11/CXCL10/CXCL9/SPP1/AKT3/CCL4/CCL5/CD14/CXCL8/TLR8/NFKBIA/STAT1/TBK1/PIK3CB/MAPK8/CTSK/FADD/CD86/TLR5/IRF7/CHUK/MAP3K7/LY96/MAP2K1/PIK3CA/IRAK1/IKBKE/CD40/IL1B/TLR4"
"hsa03008","hsa03008","Ribosome biogenesis in eukaryotes",70,0.669427432356145,2.09909187702988,0.00210970464135021,0.0170114942528736,0.0118572292800968,4361,"tags=66%, list=23%, signal=51%","RAN/WDR3/NOP58/GTPBP4/WDR43/FBL/UTP6/UTP14A/UTP18/XPO1/RCL1/HEATR1/RIOK1/EMG1/WDR75/SPATA5/RIOK2/UTP15/NMD3/GNL2/RBM28/NXT1/NXT2/AK6/WDR36/XRN2/NAT10/POP1/CSNK2A1/MPHOSPH10/UTP4/DROSHA/XRN1/MDN1/PWP2/NVL/POP7/EFL1/GNL3/CSNK2B/RPP40/NHP2/BMS1/IMP3/RPP30/IMP4"
"hsa04115","hsa04115","p53 signaling pathway",71,0.595658307673663,1.87265364166382,0.00210970464135021,0.0170114942528736,0.0118572292800968,2673,"tags=39%, list=14%, signal=34%","CCNE2/CDK1/PMAIP1/CCND2/CDK4/CCNB1/RRM2/CHEK1/CCNB2/GORAB/BCL2/TNFRSF10B/CYCS/CHEK2/CCNG1/FAS/SERPINE1/BID/GADD45A/TP53/CDK2/ATR/RCHY1/DDB2/SESN1/EI24/THBS1/CCND1"
"hsa04668","hsa04668","TNF signaling pathway",108,0.511028869350269,1.73161065704579,0.00210970464135021,0.0170114942528736,0.0118572292800968,2753,"tags=31%, list=15%, signal=26%","PTGS2/CXCL10/CCL2/MMP3/AKT3/IL15/CXCL3/SELE/VCAM1/CCL5/DNM1L/FAS/NFKBIA/ICAM1/BIRC3/TNFAIP3/BAG4/PIK3CB/MAPK8/EDN1/FADD/CXCL5/TRAF1/TAB3/ATF4/BIRC2/CHUK/IL18R1/MAP3K7/CCL20/ATF2/CFLAR/MAP2K1"
"hsa03018","hsa03018","RNA degradation",74,0.61954980604241,1.97170865276068,0.00211416490486258,0.0170114942528736,0.0118572292800968,3622,"tags=51%, list=19%, signal=42%","PNPT1/LSM5/BTG3/HSPD1/ENO1/PATL1/CNOT2/LSM2/EXOSC8/LSM6/LSM4/EXOSC4/EXOSC5/PFKM/LSM8/HSPA9/ZCCHC7/PFKP/CNOT4/LSM7/EXOSC2/CNOT7/XRN2/BTG1/PAPD7/EXOSC1/PARN/CNOT9/DIS3/EXOSC9/TTC37/MTREX/DHX36/XRN1/WDR61/LSM3/PABPC1L/EXOSC10"
"hsa05206","hsa05206","MicroRNAs in cancer",159,0.448815710153943,1.61011838468161,0.00211416490486258,0.0170114942528736,0.0118572292800968,3021,"tags=31%, list=16%, signal=27%","PTGS2/CCNE2/KIF23/SOCS1/PLAU/CCND2/SOX4/EZH2/STMN1/BRCA1/MYC/HMGA2/E2F3/CDCA5/CDC25A/GLS2/TPM1/BCL2/CCNG1/HDAC2/VEGFA/NRAS/BCL2L11/PIK3CB/DNMT1/ABCC1/SOS1/TP53/FSCN1/EGFR/EP300/HDAC4/CRKL/CD44/VIM/CRK/DNMT3A/THBS1/PDGFA/DNMT3B/CCND1/TGFB2/HNRNPK/MAP2K1/CDC25B/BMPR2/CCNE1/UBE2I/NOTCH1/ZEB1"
"hsa05164","hsa05164","Influenza A",157,0.443542862852328,1.58767942553564,0.00211864406779661,0.0170114942528736,0.0118572292800968,2293,"tags=26%, list=12%, signal=23%","CXCL10/CCL2/CDK4/IFIH1/AKT3/RSAD2/IFNG/EIF2AK2/CCL5/HLA-DQA1/OAS3/TNFRSF10B/CYCS/CXCL8/FAS/NFKBIA/KPNA2/ICAM1/DDX58/STAT1/TBK1/JAK2/BID/XPO1/TYK2/VDAC1/PIK3CB/PYCARD/OAS2/FASLG/FADD/MX1/EP300/CPSF4/NXT1/NXT2/IRF7/RAE1/ADAR/STAT2/CHUK"
"hsa04110","hsa04110","Cell cycle",122,0.720424073157662,2.47988574872251,0.00212765957446809,0.0170114942528736,0.0118572292800968,2759,"tags=54%, list=15%, signal=47%","CCNE2/MAD2L1/BUB1B/CDK1/CCND2/PRKDC/CDK4/CCNB1/TTK/PCNA/MCM6/DBF4/MCM2/CHEK1/CCNA2/MCM4/CCNB2/MYC/CDC6/CDC7/CDC45/MCM7/SKP2/E2F3/RBL1/SMC1A/CDC25A/PTTG1/CHEK2/ORC5/MCM3/E2F5/ORC6/HDAC2/ORC2/CDC27/YWHAG/CDC20/RAD21/SMAD4/GADD45A/YWHAH/ORC3/CDC23/BUB3/ANAPC10/TFDP1/CUL1/TP53/SMC3/CDK2/MCM5/EP300/ATR/YWHAQ/RB1/ANAPC5/WEE1/ANAPC7/ORC1/ANAPC11/RBX1/CCND1/TGFB2/ORC4/CDC25B"
"hsa04510","hsa04510","Focal adhesion",194,0.460675794946621,1.71102483266391,0.00212765957446809,0.0170114942528736,0.0118572292800968,2784,"tags=24%, list=15%, signal=20%","LAMB1/FN1/COL1A1/COL4A1/SPP1/COL4A2/CCND2/AKT3/CAV1/COL4A5/COL6A3/LAMA4/COL1A2/THBS2/ITGAV/LAMC1/BCL2/LAMA3/COL4A4/BIRC3/VEGFA/CAV2/ITGA6/PIK3CB/MAPK8/PTK2/LAMB3/SOS1/EGFR/PPP1CC/COL6A6/CRKL/THBS4/CRK/BIRC2/VCL/THBS1/RAP1B/ITGB1/PDGFA/CCND1/SRC/PAK3/MAP2K1/FLNA/PDGFC"
"hsa04933","hsa04933","AGE-RAGE signaling pathway in diabetic complications",99,0.536928035280297,1.79821270788105,0.00213219616204691,0.0170114942528736,0.0118572292800968,1501,"tags=27%, list=8%, signal=25%","FN1/COL1A1/COL4A1/COL4A2/COL3A1/CCL2/CDK4/AKT3/COL4A5/COL1A2/SELE/PLCB1/VCAM1/BCL2/CXCL8/SERPINE1/COL4A4/ICAM1/VEGFA/STAT1/JAK2/NRAS/SMAD4/PIK3CB/MAPK8/EDN1/NOX4"
"hsa05161","hsa05161","Hepatitis B",158,0.45669876029559,1.6333562278631,0.00213675213675214,0.0170114942528736,0.0118572292800968,3145,"tags=28%, list=17%, signal=24%","CCNE2/BIRC5/PCNA/IFIH1/AKT3/CCNA2/MYC/E2F3/BCL2/CYCS/CXCL8/FAS/NFKBIA/DDX58/STAT1/TBK1/JAK2/NRAS/BID/TYK2/SMAD4/PIK3CB/MAPK8/FASLG/SOS1/FADD/TP53/CDK2/EP300/YWHAQ/IRF7/RB1/STAT2/ATF4/CHUK/DDB2/MAP3K7/ATF2/TGFB2/SRC/MAP2K1/CCNE1/PIK3CA/IRAK1/IKBKE"
"hsa05160","hsa05160","Hepatitis C",149,0.467220576211711,1.66046644592017,0.00214592274678112,0.0170114942528736,0.0118572292800968,3145,"tags=34%, list=17%, signal=28%","CXCL10/IFIT1/CDK4/AKT3/RSAD2/MYC/IFNG/EIF2AK2/E2F3/OAS3/CYCS/FAS/NFKBIA/EIF2AK4/CLDN1/DDX58/STAT1/TBK1/NRAS/BID/YWHAG/TYK2/YWHAH/PIK3CB/OAS2/FASLG/SOS1/FADD/EIF3E/TP53/MX1/CDK2/EGFR/YWHAQ/IRF7/EIF2AK1/PIAS1/RB1/STAT2/CHUK/PSME3/NR1H3/CCND1/CFLAR/MAP2K1/PPP2R2C/EIF2S1/CLDN5/PIK3CA/IKBKE"
"hsa03040","hsa03040","Spliceosome",118,0.650858131146096,2.23277957198794,0.0021505376344086,0.0170114942528736,0.0118572292800968,4177,"tags=63%, list=22%, signal=49%","MAGOHB/SNRPE/U2SURP/LSM5/NCBP1/SNRPD1/U2AF2/ALYREF/HNRNPA1/CRNKL1/SNRPF/THOC1/SRSF10/TCERG1/SNRPG/LSM2/SNRPA/TRA2B/SRSF7/SNRPB/LSM6/PRPF3/WBP11/NCBP2/HNRNPA3/LSM4/PRPF40A/PHF5A/SF3A3/PPIH/SNRPD2/SMNDC1/LSM8/HNRNPC/U2AF1/HNRNPM/DHX15/PRPF4/LSM7/SRSF3/TXNL4A/SNRPA1/SNRPB2/SNRPD3/SF3B4/SF3B6/PPIL1/SRSF6/HNRNPK/DDX46/CDC5L/SRSF1/BCAS2/USP39/EFTUD2/DDX5/PRPF31/THOC2/LSM3/SNRNP40/EIF4A3/SNRNP70/SNRPC/TRA2A/DDX23/SNRNP27/RBM8A/CHERP/SF3B1/CTNNBL1/RBM17/PQBP1/HNRNPU/PLRG1"
"hsa05166","hsa05166","Human T-cell leukemia virus 1 infection",213,0.410067629392156,1.53555676425699,0.0021551724137931,0.0170114942528736,0.0118572292800968,4102,"tags=33%, list=22%, signal=26%","CCNE2/MAD2L1/BUB1B/CCND2/CDK4/AKT3/CHEK1/CCNA2/CCNB2/MYC/IL15/RAN/RANBP1/NRP1/E2F3/HLA-DQA1/PTTG1/CHEK2/NFKBIA/NFYB/ICAM1/CDC27/NRAS/XPO1/CDC20/VDAC1/SMAD4/PIK3CB/MAPK8/CDC23/BUB3/IL15RA/ANAPC10/TP53/CDK2/EP300/ATR/RB1/ANAPC5/ATF4/ANAPC7/MMP7/CHUK/TBPL1/ANAPC11/ATF2/CCND1/TGFB2/MAP2K1/KAT2A/CCNE1/PIK3CA/POLB/CD40/ESPL1/IL2RB/TBP/PTEN/CDKN2C/TRRAP/CDKN1A/KRAS/FDPS/IL2RA/VDAC3/E2F2/NFKB1/VDAC2/SMAD2/TLN2/PPP3R1"
"hsa03013","hsa03013","RNA transport",141,0.649419231901214,2.29075902334145,0.00217391304347826,0.0170114942528736,0.0118572292800968,3966,"tags=57%, list=21%, signal=46%","MAGOHB/RAN/XPOT/NUP107/NDC1/NUP37/NUP35/NCBP1/NUP205/SEH1L/EIF2S2/ALYREF/NUP62/TRNT1/NUP155/NUPL2/NUP160/STRAP/EIF4E2/THOC1/TGS1/XPO1/UPF3B/PAIP1/NUP85/NUP54/RNPS1/EIF1AY/NUP133/NUP43/EIF1AX/EIF3J/NCBP2/EIF3E/NUP153/EIF4EBP1/EIF4B/NMD3/EIF4E/SUMO3/XPO5/NXT1/NXT2/EIF3B/EIF2S3/RANBP2/SUMO1/RAE1/NUP58/TACC3/CLNS1A/NUP88/KPNB1/ELAC1/POP1/EIF2B1/SUMO4/FMR1/RANGAP1/DDX20/UPF2/THOC5/EIF2S1/UBE2I/TPR/EIF3D/GEMIN6/THOC2/EIF4A3/POP7/GEMIN7/EIF3H/SENP2/PABPC1L/RBM8A/GEMIN2/CYFIP1/RPP40/EIF5B/EIF4G2/GEMIN5"
"hsa05169","hsa05169","Epstein-Barr virus infection",192,0.463390182516699,1.71060707921841,0.00217391304347826,0.0170114942528736,0.0118572292800968,3206,"tags=33%, list=17%, signal=28%","CXCL10/CCNE2/CCND2/CDK4/AKT3/CCNA2/MYC/EIF2AK2/SKP2/E2F3/HLA-DQA1/ISG15/OAS3/BCL2/CYCS/NEDD4/FAS/NFKBIA/HDAC2/ICAM1/DDX58/STAT1/TBK1/PSMD14/BID/TNFAIP3/TYK2/GADD45A/BCL2L11/PIK3CB/MAPK8/TAP1/RBPJ/OAS2/FADD/TP53/PSMD12/CDK2/TAP2/PSMC2/IRF7/CD44/VIM/RB1/STAT2/CHUK/DDB2/MAP3K7/PSMC3/PSMC4/PSMD11/CCND1/SAP30/PSMD2/NCOR2/CCNE1/PSMC5/PIK3CA/IRAK1/IKBKE/CD40/PSMD4/PDIA3/POLK"
"hsa05162","hsa05162","Measles",130,0.536219723626824,1.8600574285236,0.00219298245614035,0.0170114942528736,0.0118572292800968,3965,"tags=41%, list=21%, signal=32%","CCNE2/CCND2/CDK4/IFIH1/AKT3/EIF2AK2/OAS3/BCL2/CYCS/FAS/NFKBIA/EIF2AK4/DDX58/STAT1/TBK1/BID/TNFAIP3/TYK2/PIK3CB/MAPK8/OAS2/FASLG/FADD/TP53/MX1/CDK2/RCHY1/IRF7/CD46/EIF2AK1/ADAR/STAT2/MSN/CHUK/MAP3K7/CSNK2A1/CCND1/CCNE1/EIF2S1/PIK3CA/IRAK1/IKBKE/IL1B/TLR4/IL2RB/EIF3H/TLR7/CSNK2B/GSK3B/OAS1/IL2RA/STAT3/NFKB1"
"hsa04120","hsa04120","Ubiquitin mediated proteolysis",131,0.473802097932026,1.64224616296305,0.0022075055187638,0.0170114942528736,0.0118572292800968,4850,"tags=46%, list=26%, signal=34%","SOCS1/BRCA1/UBE2C/SKP2/UBE2E3/FANCL/NEDD4/CUL2/ELOC/UBA2/BIRC3/CDC27/CDC20/UBE2QL1/CDC23/UBE2F/UBE2W/ANAPC10/CUL1/UBE2S/HERC2/RCHY1/TRIM37/PIAS1/ANAPC5/ANAPC7/BIRC2/DDB2/ANAPC11/RBX1/UBE2K/UBE2L6/UBE2G2/UBE2Z/UBE2I/BIRC6/UBE3C/SMURF2/PIAS4/WWP1/HERC1/FBXW7/UBA3/FBXO4/SAE1/MDM2/CUL4B/UBE2D1/UBR5/CUL4A/KLHL9/UBE3A/ERCC8/UBE2Q1/UBE3B/UBE2L3/FBXW11/CBLB/ANAPC13/ANAPC4"
"hsa04210","hsa04210","Apoptosis",131,0.434832116148159,1.50717225059621,0.0022075055187638,0.0170114942528736,0.0118572292800968,2957,"tags=30%, list=16%, signal=25%","GZMB/BCL2A1/PMAIP1/BIRC5/AKT3/BCL2/LMNB2/TNFRSF10B/CYCS/CTSL/FAS/NFKBIA/CASP6/BIRC3/PRF1/NRAS/BID/GADD45A/BCL2L11/LMNB1/PIK3CB/MAPK8/FASLG/CTSK/FADD/TP53/TRAF1/DFFA/ATF4/BIRC2/CHUK/PARP1/DIABLO/CFLAR/DDIT3/CASP2/MAP2K1/AIFM1/EIF2S1"
"hsa05165","hsa05165","Human papillomavirus infection",317,0.451643445602594,1.74908803094342,0.00228310502283105,0.0170114942528736,0.0118572292800968,1751,"tags=18%, list=9%, signal=17%","PTGS2/LAMB1/FN1/COL1A1/COL4A1/SPP1/COL4A2/CCNE2/FZD7/CCND2/CDK4/AKT3/COL4A5/COL6A3/CCNA2/LAMA4/COL1A2/THBS2/ITGAV/EIF2AK2/LAMC1/RBL1/ISG15/PTGER4/LAMA3/OASL/FAS/COL4A4/HDAC2/WNT5A/VEGFA/STAT1/TBK1/NRAS/ITGA6/PARD6G/FZD2/TYK2/PIK3CB/RBPJ/PTK2/LAMB3/ATP6V1C1/FASLG/RHEB/SOS1/FADD/EIF4EBP1/TP53/MX1/FZD6/CDK2/EGFR/EP300/ATR/DVL3/PKM/COL6A6"
"hsa04151","hsa04151","PI3K-Akt signaling pathway",338,0.407650460956096,1.58859734728398,0.00229357798165138,0.0170114942528736,0.0118572292800968,1936,"tags=16%, list=10%, signal=14%","LAMB1/FN1/COL1A1/COL4A1/SPP1/COL4A2/CCNE2/GHR/NTRK2/ANGPT2/CCND2/CDK4/AKT3/COL4A5/COL6A3/KITLG/LAMA4/BRCA1/MYC/KIT/COL1A2/THBS2/ITGAV/LAMC1/FGF1/BCL2/LAMA3/COL4A4/VEGFA/EIF4E2/JAK2/NRAS/ITGA6/YWHAG/BCL2L11/YWHAH/PIK3CB/PTK2/LAMB3/FASLG/RHEB/SOS1/EIF4EBP1/TP53/EIF4B/CDK2/EIF4E/EGFR/COL6A6/YWHAQ/SGK1/HSP90AB1/THBS4"
"hsa05168","hsa05168","Herpes simplex virus 1 infection",408,0.44610381992295,1.76819171080047,0.00229885057471264,0.0170114942528736,0.0118572292800968,4622,"tags=38%, list=24%, signal=30%","CCL2/IFIH1/AKT3/IFNG/BST2/ZNF112/EIF2AK2/CCL5/ZNF195/HLA-DQA1/OAS3/BCL2/ZNF84/CYCS/ZNF124/ZNF267/ALYREF/FAS/NFKBIA/EIF2AK4/ZNF140/BIRC3/DDX58/STAT1/TBK1/ZNF680/ZNF286A/ZNF107/JAK2/ZNF614/BID/TYK2/ZNF557/PIK3CB/ZNF43/ZNF81/ZNF37A/ZNF268/PTPN11/TAP1/ZNF180/SRSF7/ZNF227/ZNF45/OAS2/FASLG/ZNF26/RHEB/FADD/ZNF431/SRPK1/EIF4EBP1/ZNF559/TP53/ZNF562/ZNF551/PPP1CC/ZNF184/ZNF7/ZNF605/ZNF304/ZNF670/ZNF766/ZNF623/ZNF12/TAP2/SRSF3/IRF7/EIF2AK1/ZFP1/ZNF607/ZNF529/ZNF320/ZNF10/STAT2/RBAK/ZNF473/BIRC2/CHUK/ZNF558/EIF2B1/ZNF224/PILRA/MAP3K7/ZNF317/ZNF223/ZFP30/ZNF222/ZNF248/ZNF436/ZNF17/ZNF200/SRSF6/SRC/ZNF544/ZNF587/ZNF25/ZNF823/CGAS/SRSF1/C5/ZFP69/EIF2S1/ZNF3/ZNF658/ZNF430/PIK3CA/IRAK1/IKBKE/PDIA3/ZNF641/ZNF519/ZNF30/ZNF354A/IL1B/ZNF189/ZNF675/ZSCAN32/ZNF337/ZNF275/ZNF175/ZNF684/ZNF101/ZNF74/OAS1/ZNF300/ZNF226/ZNF343/ZNF282/ZNF225/NFKB1/ZNF85/TAPBP/ZNF891/ZNF682/ZNF700/TRAF2/ZFP69B/ZNF621/IL12B/EIF2B3/IRF3/TNFRSF1A/JAK1/ZNF556/ZNF234/ZNF565/PIK3R3/ZNF133/ZNF596/ZNF302/ITGA5/ZNF79/ZNF250/IFNGR2/ZNF251"
"hsa04662","hsa04662","B cell receptor signaling pathway",80,-0.526275241181788,-1.68576443618091,0.00380228136882129,0.0272108843537415,0.0189663347558084,2420,"tags=36%, list=13%, signal=32%","AKT1/SOS2/RAF1/INPP5D/BLNK/PPP3CC/MAPK3/RASGRP3/PIK3AP1/PPP3CA/CARD11/SYK/PTPN6/VAV3/VAV1/NFATC1/BTK/PIK3CD/CD79A/LYN/FOS/PLCG2/PRKCB/CD72/CD19/CD22/CD79B/CR2"
"hsa03430","hsa03430","Mismatch repair",22,0.708400841707237,1.82121646920584,0.00386100386100386,0.0272108843537415,0.0189663347558084,2770,"tags=68%, list=15%, signal=58%","PCNA/RFC4/RFC3/MSH2/MSH6/EXO1/SSBP1/RFC1/RPA1/RFC2/POLD2/MLH3/RFC5/POLD1/POLD3"
"hsa01230","hsa01230","Biosynthesis of amino acids",67,0.531527318268377,1.67706793359491,0.00415800415800416,0.0283524904214559,0.0197620488001613,1818,"tags=30%, list=10%, signal=27%","PSAT1/ASNS/PSPH/IDH1/GAPDH/PHGDH/SHMT2/MTR/TPI1/RPE/ENO1/CS/CPS1/BCAT1/ALDH18A1/MAT2A/PGK1/PKM/PFKM/PFKP"
"hsa04218","hsa04218","Cellular senescence",157,0.418892751732842,1.49944336643213,0.00423728813559322,0.0283524904214559,0.0197620488001613,1740,"tags=21%, list=9%, signal=19%","CCNE2/CDK1/CCND2/CDK4/CCNB1/AKT3/CHEK1/CCNA2/CCNB2/MYC/E2F3/RBL1/CDC25A/CXCL8/FOXM1/CHEK2/RBBP4/E2F5/SERPINE1/NBN/NRAS/VDAC1/GADD45A/PIK3CB/MRE11/RHEB/EIF4EBP1/TP53/CDK2/PPP1CC/ATR/RAD50/RAD1"
"hsa04926","hsa04926","Relaxin signaling pathway",125,0.449324507419181,1.55146558996958,0.00431034482758621,0.0283524904214559,0.0197620488001613,1611,"tags=15%, list=9%, signal=14%","MMP1/COL1A1/COL4A1/COL4A2/COL3A1/ACTA2/AKT3/COL4A5/COL1A2/PLCB1/NFKBIA/COL4A4/VEGFA/NRAS/PIK3CB/MAPK8/EDN1/SOS1/EGFR"
"hsa00340","hsa00340","Histidine metabolism",23,-0.743706099827403,-1.85668891691367,0.00612244897959184,0.0391413584872394,0.0272820279640787,778,"tags=30%, list=4%, signal=29%","ALDH7A1/MAOB/ALDH3B2/MAOA/ALDH1A3/ALDH3A1"
"hsa03015","hsa03015","mRNA surveillance pathway",78,0.485609005801982,1.5621143871003,0.00634249471458774,0.0391413584872394,0.0272820279640787,4381,"tags=41%, list=23%, signal=32%","MAGOHB/NCBP1/ALYREF/HBS1L/UPF3B/RNPS1/PAPOLG/NCBP2/PPP1CC/CPSF3/NUDT21/CPSF4/NXT1/NXT2/CSTF1/CSTF3/CPSF6/CSTF2T/PPP2R2C/UPF2/DAZAP1/EIF4A3/FIP1L1/CPSF7/CLP1/PABPC1L/RBM8A/PPP2R1B/GSPT1/PPP2CA/PPP2R3C/PELO"
"hsa05012","hsa05012","Parkinson disease",126,0.426882166156162,1.47546103385653,0.00646551724137931,0.0391413584872394,0.0272820279640787,5307,"tags=52%, list=28%, signal=38%","CYCS/CYC1/NDUFB9/NDUFA9/VDAC1/PPIF/ND2/ATP5F1B/ATP5MC1/ATP5MC3/UQCRFS1/NDUFA5/NDUFA6/NDUFS2/COX2/NDUFA12/ATP5PF/NDUFB4/ATP5F1C/NDUFA8/ND4/UBE2L6/ATP5PD/PARK7/UBE2G2/SNCAIP/SDHB/UQCRC2/NDUFB5/COX7A2L/NDUFV3/NDUFA4/NDUFA7/GNAI3/NDUFAB1/NDUFS1/UQCR11/NDUFV1/ATP5F1E/NDUFB11/NDUFS6/ATP5PO/VDAC3/ATP5F1A/VDAC2/COX6C/UQCRB/UQCR10/NDUFA11/COX7B/COX5B/ATP5PB/ATP5MC2/UBE2L3/COX7C/COX7A2/NDUFB2/COX5A/NDUFS4/NDUFB10/NDUFA3/HTRA2/NDUFS7/NDUFB7/NDUFB3/ATP5F1D"
"hsa04714","hsa04714","Thermogenesis",214,0.388937396958987,1.45751090884412,0.00647948164146868,0.0391413584872394,0.0272820279640787,5325,"tags=44%, list=28%, signal=32%","COA1/CYC1/ACSL4/NDUFAF4/FRS2/NDUFAF5/NRAS/NDUFB9/NDUFA9/CPT1C/ND2/RHEB/ACTL6A/SOS1/COX15/COX11/ATP5F1B/COA6/ATP5MC1/ATP5MC3/UQCRFS1/KDM3A/NDUFA5/SMARCE1/NDUFA6/NDUFS2/COX2/NDUFA12/ATP5PF/NDUFB4/ATP5F1C/ATF2/COA5/NDUFA8/ND4/ADCY10/ATP5PD/SDHB/UQCRC2/NDUFB5/SMARCA4/SMARCD1/COX7A2L/NDUFV3/NDUFA4/NDUFA7/ATP5MF/NDUFAB1/SMARCA2/NDUFS1/UQCR11/NDUFV1/ATP5F1E/NDUFAF7/NDUFB11/COA4/PRKG1/COX14/RPS6KB1/NDUFS6/KRAS/ATP5PO/NDUFAF6/ATP5F1A/NDUFAF2/COX6C/UQCRB/COX18/ARID1A/AKT1S1/UQCR10/NDUFA11/COX7B/COX5B/COX17/ATP5PB/ATP5MC2/COX7C/COX7A2/NDUFB2/COX5A/NDUFS4/NDUFB10/NDUFAF1/MTOR/NDUFA3/ADCY3/NDUFS7/CPT2/TSC1/NDUFB7/NDUFB3/ATP5F1D/COA7"
"hsa04971","hsa04971","Gastric acid secretion",73,-0.508177154095047,-1.60809693284793,0.0075187969924812,0.0441955953714072,0.030804895778079,4424,"tags=45%, list=23%, signal=35%","GNAI2/CAMK2A/CALM1/KCNE2/ADCY6/MYLK3/PLCB2/ADCY7/ITPR1/ITPR3/PLCB3/PRKACB/CFTR/CAMK2G/ATP1A2/ATP1B3/PRKCA/SLC9A1/GNAQ/KCNQ1/ADCY9/ATP1A1/GNAI1/ADCY2/ATP1B1/KCNJ2/CALML3/KCNJ16/PRKCB/EZR/CALML5/CALML4"
"hsa03020","hsa03020","RNA polymerase",29,0.604492600895361,1.65132000507758,0.00792079207920792,0.0441955953714072,0.030804895778079,3926,"tags=55%, list=21%, signal=44%","POLR3G/POLR2D/POLR2H/TWISTNB/POLR2K/POLR2B/POLR1D/POLR1C/ZNRD1/POLR3B/POLR2G/POLR3K/POLR3D/POLR3F/POLR3C/POLR2F"
"hsa04940","hsa04940","Type I diabetes mellitus",39,0.574359828397146,1.65165616989512,0.00808080808080808,0.0441955953714072,0.030804895778079,1816,"tags=26%, list=10%, signal=23%","GAD1/GZMB/IFNG/HLA-DQA1/FAS/HSPD1/PRF1/FASLG/CPE/CD86"
"hsa04623","hsa04623","Cytosolic DNA-sensing pathway",58,0.527220725470087,1.60714691152279,0.0082815734989648,0.0441955953714072,0.030804895778079,3432,"tags=41%, list=18%, signal=34%","CXCL10/CCL4/CCL5/NFKBIA/POLR3G/DDX58/TBK1/PYCARD/POLR2H/POLR2K/POLR1D/POLR1C/IRF7/ADAR/CHUK/POLR3B/CGAS/IKBKE/POLR3K/POLR3D/IL1B/CASP1/POLR3F/POLR3C"
"hsa04622","hsa04622","RIG-I-like receptor signaling pathway",68,0.504198789471155,1.5915839518204,0.00829875518672199,0.0441955953714072,0.030804895778079,2447,"tags=22%, list=13%, signal=19%","CXCL10/IFIH1/ISG15/CXCL8/SIKE1/NFKBIA/DDX58/TBK1/MAPK8/TANK/FADD/IRF7/ATG5/CHUK/MAP3K7"
"hsa05230","hsa05230","Central carbon metabolism in cancer",67,0.486151581075337,1.53389901039151,0.00831600831600832,0.0441955953714072,0.030804895778079,3125,"tags=34%, list=16%, signal=29%","AKT3/TIGAR/MYC/KIT/IDH1/LDHA/GLS2/PDK1/NRAS/SLC7A5/PIK3CB/SCO2/TP53/EGFR/PKM/PFKM/PFKP/LDHB/PGAM1/MAP2K1/HIF1A/PDHA1/PIK3CA"
"hsa05203","hsa05203","Viral carcinogenesis",181,0.398436424269957,1.45236632651934,0.00849256900212314,0.0441955953714072,0.030804895778079,4127,"tags=33%, list=22%, signal=26%","CCNE2/CDK1/PMAIP1/CCND2/CDK4/CHEK1/CCNA2/EIF2AK2/RANBP1/SKP2/RBL1/NFKBIA/HDAC2/CCR5/NRAS/YWHAG/CDC20/YWHAH/PIK3CB/RBPJ/TP53/TRAF1/CDK2/EP300/PKM/HDAC4/YWHAQ/GTF2H1/SND1/IRF7/DNAJA3/RB1/ATF4/TBPL1/ATF2/CCND1/SRC/HNRNPK/MAPKAPK2/KAT2A/CCNE1/PIK3CA/POLB/GTF2H4/TBP/GTF2E1/HIST1H2BK/GTF2A2/CDKN1A/GTF2E2/KRAS/VDAC3/CCR8/STAT3/MDM2/NFKB1/REL/ACTN1/SCRIB/TRAF2"
"hsa04066","hsa04066","HIF-1 signaling pathway",107,0.435223854593645,1.47175795218833,0.00851063829787234,0.0441955953714072,0.030804895778079,1818,"tags=22%, list=10%, signal=20%","ANGPT2/AKT3/TFRC/IFNG/LDHA/BCL2/GAPDH/CUL2/SERPINE1/ELOC/ENO1/VEGFA/EIF4E2/PDK1/PIK3CB/EDN1/EIF4EBP1/EGLN1/EIF4E/EGFR/EP300/PGK1/PFKM/PFKP"
"hsa04020","hsa04020","Calcium signaling pathway",189,-0.425268739344477,-1.50543092501593,0.00932835820895522,0.0476067936181163,0.0331825446271365,4008,"tags=31%, list=21%, signal=25%","GRM1/P2RX1/HTR5A/PLCB2/ADCY7/EDNRB/CACNA1I/CACNA1F/CACNA1E/ITPR1/PHKG1/HRH1/ADRA1B/GNA11/PTGFR/ITPR3/HTR4/ORAI3/CACNA1H/PLCB3/CAMK1D/PTGER1/PRKACB/CAMK1/CAMK2G/SLC25A4/TNNC2/TNNC1/STIM2/CACNA1D/PRKCA/ASPH/ADORA2B/GNAQ/BDKRB2/ERBB4/ADCY9/PPP3CC/STIM1/ADRB2/PPP3CA/ITPKC/MCU/TPCN1/CYSLTR1/ADCY2/ERBB2/ERBB3/ATP2A3/GNA14/CALML3/PLCG2/P2RX5/PRKCB/CALML5/GNAL/OXTR/CALML4"
"hsa05205","hsa05205","Proteoglycans in cancer",196,0.371813249752817,1.38018050713472,0.0107758620689655,0.0540619520748101,0.037681872712172,3012,"tags=24%, list=16%, signal=21%","FN1/COL1A1/FZD7/PLAU/AKT3/CAV1/SDC2/MYC/COL1A2/ITGAV/LUM/CTSL/FAS/WNT5A/FRS2/VEGFA/CAV2/NRAS/FZD2/PIK3CB/PTPN11/PTK2/FASLG/SOS1/TP53/FZD6/PTCH1/EIF4B/EGFR/PPP1CC/PLAUR/CD44/MSN/MMP2/FZD1/THBS1/ITGB1/FGF2/CCND1/TGFB2/SRC/MAP2K1/FLNA/DDX5/HIF1A/DROSHA/WNT2/KDR"
"hsa04640","hsa04640","Hematopoietic cell lineage",91,-0.473342088205306,-1.5283297375155,0.0115163147792706,0.0558824454862968,0.0389507799264373,2093,"tags=26%, list=11%, signal=24%","IL1R1/HLA-DMA/IL4R/CR1/IL7/FCER2/HLA-DMB/HLA-DOA/ITGA2/IL7R/HLA-DOB/CD24/CD37/CD59/CD9/CD1D/CD1C/CD19/CD22/IL1R2/CR2/CD55/MS4A1"
"hsa05031","hsa05031","Amphetamine addiction",67,-0.516509075441781,-1.5955124166859,0.0115163147792706,0.0558824454862968,0.0389507799264373,2820,"tags=24%, list=15%, signal=20%","PRKACB/CAMK2G/CREB3L4/CACNA1D/PRKCA/GRIN3B/PPP3CC/PPP3CA/MAOB/FOS/CALML3/PRKCB/CALML5/MAOA/CALML4"
"hsa01523","hsa01523","Antifolate resistance",29,0.587087398863392,1.603773420942,0.0118811881188119,0.0566073819085867,0.0394560698936095,3965,"tags=45%, list=21%, signal=35%","TYMS/ABCC4/ATIC/SHMT2/GART/DHFR/ABCC1/GGH/CHUK/ABCC5/IL1B/FOLR1/NFKB1"
"hsa05219","hsa05219","Bladder cancer",41,0.552429855755469,1.60215261118614,0.0120481927710843,0.0566073819085867,0.0394560698936095,4066,"tags=51%, list=21%, signal=40%","MMP1/CDK4/MYC/E2F3/CXCL8/VEGFA/NRAS/TP53/EGFR/RB1/MMP2/THBS1/CCND1/SRC/MAP2K1/TYMP/CDKN1A/KRAS/E2F2/MDM2/MMP9"
"hsa04932","hsa04932","Non-alcoholic fatty liver disease (NAFLD)",141,0.400523991649332,1.41280686321745,0.0130434782608696,0.0603260869565217,0.0420480549199085,4944,"tags=45%, list=26%, signal=33%","AKT3/CYCS/CXCL8/CYC1/FAS/BID/ADIPOR2/NDUFB9/NDUFA9/BCL2L11/PIK3CB/MAPK8/FASLG/UQCRFS1/NDUFA5/ATF4/NDUFA6/NDUFS2/COX2/NDUFA12/NDUFB4/NR1H3/NDUFA8/DDIT3/SDHB/UQCRC2/NDUFB5/EIF2S1/COX7A2L/NDUFV3/PIK3CA/NDUFA4/NDUFA7/IL1B/NDUFAB1/NDUFS1/UQCR11/NDUFV1/NDUFB11/GSK3B/NDUFS6/NFKB1/COX6C/IL1A/UQCRB/TRAF2/UQCR10/NDUFA11/COX7B/COX5B/TNFRSF1A/PIK3R3/MLX/IRS2/COX7C/COX7A2/JUN/NDUFB2/COX5A/RAC1/NDUFS4/NDUFB10/CEBPA"
"hsa05220","hsa05220","Chronic myeloid leukemia",75,0.460395260613979,1.47095032163915,0.0147058823529412,0.0669683257918552,0.0466777804239105,3965,"tags=37%, list=21%, signal=30%","CDK4/AKT3/MYC/E2F3/NFKBIA/HDAC2/NRAS/SMAD4/GADD45A/PIK3CB/PTPN11/SOS1/TP53/CRKL/RB1/CRK/CHUK/DDB2/CCND1/TGFB2/MAP2K1/PIK3CA/POLK/CDKN1A/KRAS/E2F2/MDM2/NFKB1"
"hsa04530","hsa04530","Tight junction",159,-0.417892866122814,-1.44977853072211,0.0151228733459357,0.0678237956120754,0.0472740538405646,3218,"tags=28%, list=17%, signal=24%","MYH13/CRB3/F11R/CLDN23/PPP2CB/CLDN9/PRKAB1/PRKACB/CFTR/JAM3/TJP1/JAM2/DLG2/CACNA1D/PRKCE/MAGI1/MPDZ/MYH14/MAPK10/MYL12B/ARHGEF18/HCLS1/CLDN4/TJP2/ERBB2/SLC9A3R1/AMOTL2/PRKCZ/LLGL2/CLDN8/MAP3K1/EPB41L4B/AFDN/OCLN/TUBA4A/TJP3/EZR/CD1D/CLDN7/CD1C/TUBA1A/CGN/CLDN3/CLDN10"
"hsa00240","hsa00240","Pyrimidine metabolism",51,0.495789844347688,1.48522759462951,0.0161943319838057,0.0712137615782509,0.0496369035182688,3702,"tags=45%, list=20%, signal=36%","TYMS/NME1/RRM2/CTPS1/DTYMK/CMPK2/TK1/DUT/RRM1/NME4/CAD/UMPS/DCTD/DCTPP1/CTPS2/DCK/NT5C3A/CANT1/TYMP/NT5M/PNP/RRM2B/ENTPD6"
"hsa00601","hsa00601","Glycosphingolipid biosynthesis - lacto and neolacto series",27,-0.636661190836095,-1.64819416018381,0.016359918200409,0.0712137615782509,0.0496369035182688,2270,"tags=48%, list=12%, signal=42%","ST8SIA1/ST3GAL4/A4GALT/GCNT2/ST3GAL3/B3GNT3/FUT6/B4GALT4/B3GALT5/B3GNT5/FUT3/FUT2"
"hsa04630","hsa04630","JAK-STAT signaling pathway",156,0.380500015395393,1.36280362292257,0.0169133192389006,0.0725556883291969,0.0505722436433947,3925,"tags=24%, list=21%, signal=19%","GHR/SOCS1/CCND2/AKT3/MYC/IL15/IFNG/IL13RA2/BCL2/SOCS2/SOCS5/STAT1/JAK2/TYK2/PIK3CB/PTPN11/IL23A/IL15RA/SOS1/EGFR/EP300/SOCS7/PIAS1/STAT2/PDGFA/CCND1/LIFR/PIK3CA/IL27RA/IL21R/PIAS4/IL2RB/PTPN2/CDKN1A/IL2RA/PDGFRA/STAT3/SOCS4"
"hsa04621","hsa04621","NOD-like receptor signaling pathway",164,0.373148417340334,1.33934267110013,0.0171673819742489,0.0725935009196812,0.0505985995030495,4127,"tags=35%, list=22%, signal=27%","CCL2/CXCL3/PLCB1/CCL5/OAS3/BCL2/CXCL8/DNM1L/GBP1/NFKBIA/BIRC3/PANX1/STAT1/TBK1/GBP5/TNFAIP3/TYK2/VDAC1/NAIP/TRIP6/MAPK8/PYCARD/OAS2/TANK/DHX33/FADD/RIPK2/CARD16/TAB3/P2RX7/HSP90AB1/IRF7/ANTXR1/ATG5/STAT2/BIRC2/CHUK/MAP3K7/BRCC3/PKN2/ATG12/NAMPT/IKBKE/IL1B/TLR4/CASP1/MFN1/SUGT1/OAS1/CYBB/VDAC3/NFKB1/VDAC2/PLCB4/TRPM7/GBP2/TRAF2"
"hsa03060","hsa03060","Protein export",23,0.621465810700059,1.61413618524744,0.017578125,0.0732834507042253,0.0510795033358043,3987,"tags=52%, list=21%, signal=41%","SEC61A2/SRP9/SRP72/SEC61G/SEC61A1/IMMP2L/SEC61B/HSPA5/SRP19/SEC11A/SPCS2/SEC63"
"hsa04061","hsa04061","Viral protein interaction with cytokine and cytokine receptor",91,0.422681590825164,1.40095739446724,0.0187110187110187,0.0769230769230769,0.0536163694058431,992,"tags=14%, list=5%, signal=14%","CXCL11/CXCL10/CXCL9/CCL2/CCL8/CCL4/CXCL3/CCL5/TNFRSF10B/CXCL8/CCR1/CCR5/CCR2"
"hsa05163","hsa05163","Human cytomegalovirus infection",215,0.35415250321173,1.32741722922515,0.0195652173913043,0.0793329362715902,0.0552960722234413,4127,"tags=30%, list=22%, signal=24%","PTGS2/CCL2/CDK4/AKT3/MYC/CCL4/ITGAV/PLCB1/CCL5/E2F3/CYCS/CXCL8/PTGER4/CCR1/FAS/NFKBIA/CCR5/VEGFA/TBK1/NRAS/BID/PIK3CB/TAP1/PTK2/FASLG/RHEB/SOS1/FADD/EIF4EBP1/TP53/EGFR/CRKL/TAP2/RB1/GNG11/CRK/ATF4/CHUK/ATF2/GNA12/CCND1/SRC/MAP2K1/CGAS/PIK3CA/PDIA3/GNAI3/GNG2/IL1B/GSK3B/CDKN1A/SP1/RPS6KB1/KRAS/PDGFRA/E2F2/STAT3/MDM2/NFKB1/PLCB4/TAPBP/GNB4/PPP3R1/TRAF2"
"hsa04915","hsa04915","Estrogen signaling pathway",126,-0.429636838808698,-1.45485187786817,0.0204460966542751,0.0817843866171004,0.0570047644984057,2838,"tags=25%, list=15%, signal=22%","HSPA2/GPER1/PRKACB/KRT15/CREB3L4/AKT1/CTSD/SOS2/GNAQ/RAF1/ESR1/ADCY9/MAPK3/KRT40/GNAI1/KRT10/ADCY2/KRT18/TFF1/PRKCD/TGFA/PIK3CD/FOS/KRT19/CALML3/CALML5/KRT24/CALML4/KRT23/KRT13/KRT14"
"hsa04215","hsa04215","Apoptosis - multiple species",30,0.55388326812449,1.52510032498059,0.0218253968253968,0.0861375661375661,0.0600389863547758,1467,"tags=30%, list=8%, signal=28%","PMAIP1/BIRC5/BCL2/CYCS/BIRC3/BID/BCL2L11/MAPK8/FADD"
"hsa01524","hsa01524","Platinum drug resistance",69,0.445291700897299,1.40193509473708,0.023109243697479,0.0900044228217603,0.0627342349682255,1537,"tags=25%, list=8%, signal=23%","TOP2A/PMAIP1/BIRC5/AKT3/BRCA1/MSH2/MSH6/BCL2/CYCS/FAS/BIRC3/BID/PIK3CB/FASLG/FADD/GSTO1/TP53"
"hsa04610","hsa04610","Complement and coagulation cascades",76,-0.458145673976249,-1.45583883356387,0.024904214559387,0.0956690368455074,0.0666825434627292,2298,"tags=25%, list=12%, signal=22%","F12/C4BPB/BDKRB2/F13A1/CR1/ITGB2/C6/CFD/CD59/C3/PROS1/C7/CFB/CR2/CD55/F3/CLU/SERPINB2"
"hsa04917","hsa04917","Prolactin signaling pathway",69,0.443879368202525,1.39748857402659,0.0252100840336134,0.0956690368455074,0.0666825434627292,3965,"tags=32%, list=21%, signal=25%","SOCS1/CCND2/AKT3/SOCS2/SOCS5/STAT1/JAK2/NRAS/PIK3CB/MAPK8/SOS1/SOCS7/TNFRSF11A/CCND1/SRC/MAP2K1/PIK3CA/GSK3B/KRAS/STAT3/SOCS4/NFKB1"
"hsa04914","hsa04914","Progesterone-mediated oocyte maturation",86,0.414883967018486,1.36697989034654,0.0269151138716356,0.099792531120332,0.0695566717623935,3278,"tags=28%, list=17%, signal=23%","MAD2L1/CDK1/CCNB1/AKT3/AURKA/CCNA2/CCNB2/CDC25A/CDC27/PIK3CB/MAPK8/CDC23/ANAPC10/CDK2/HSP90AB1/PDE3B/ANAPC5/ANAPC7/ANAPC11/MAP2K1/CDC25B/KIF22/PIK3CA/GNAI3"
"hsa05210","hsa05210","Colorectal cancer",85,0.426804965494924,1.40000905936484,0.0269709543568465,0.099792531120332,0.0695566717623935,3785,"tags=36%, list=20%, signal=29%","PMAIP1/BIRC5/AKT3/MYC/MSH2/MSH6/BCL2/CYCS/NRAS/SMAD4/GADD45A/BCL2L11/PIK3CB/MAPK8/SOS1/TP53/EGFR/DDB2/LEF1/CCND1/TGFB2/MAP2K1/RALA/PIK3CA/TCF7L1/APPL1/POLK/GSK3B/CDKN1A/RPS6KB1/KRAS"
"hsa04390","hsa04390","Hippo signaling pathway",145,0.380140288093582,1.34241351205698,0.028322440087146,0.103346800339169,0.0720340429106584,3011,"tags=27%, list=16%, signal=23%","FZD7/BIRC5/CCND2/AJUBA/MYC/ID2/FGF1/BMP2/SMAD1/BMPR1A/SERPINE1/WNT5A/STK3/SNAI2/YWHAG/PARD6G/FZD2/SMAD4/YWHAH/RASSF6/LATS1/FZD6/PPP1CC/DVL3/SMAD7/YWHAQ/FRMD6/TEAD2/BIRC2/LEF1/FZD1/PATJ/MOB1B/CCND1/TGFB2/BMP7/PPP2R2C/BMPR2/WNT2"
"hsa04744","hsa04744","Phototransduction",27,-0.595652676332497,-1.54203095266384,0.0286298568507157,0.103346800339169,0.0720340429106584,1859,"tags=19%, list=10%, signal=17%","RGS9/CALML3/CALML5/CALML4"
"hsa04141","hsa04141","Protein processing in endoplasmic reticulum",159,0.367551804867357,1.31858556853291,0.0295983086680761,0.104732419283503,0.0729998370539351,4127,"tags=35%, list=22%, signal=28%","ERO1B/CKAP4/EIF2AK2/HSPA4L/MBTPS2/BCL2/EIF2AK4/MAPK8/SEC61A2/CUL1/SSR3/DERL1/RPN2/DNAJA1/RAD23B/HSP90AB1/PDIA6/LMAN1/EIF2AK1/SEC24D/SEC61G/UGGT2/PLAA/STT3A/ATF4/TUSC3/SEC61A1/RBX1/UFD1/GANAB/DDIT3/SEC31A/UBE2G2/SSR1/EIF2S1/SEC61B/UBQLN1/HSPA5/SSR2/PDIA3/SEC23A/RAD23A/DERL2/SEC24A/UBQLN2/PDIA4/MAN1A1/MARCH6/UBQLN4/SEC63/SEC23B/UBE2D1/DNAJB11/HYOU1/HSP90B1/TRAF2"
"hsa00410","hsa00410","beta-Alanine metabolism",33,-0.577819747137329,-1.57410111562595,0.0297619047619048,0.104732419283503,0.0729998370539351,1780,"tags=27%, list=9%, signal=25%","ALDH6A1/MLYCD/DPYD/ALDH7A1/ALDH3B2/ABAT/ALDH1A3/ALDH3A1"
"hsa05150","hsa05150","Staphylococcus aureus infection",73,-0.451091109264053,-1.42745147710206,0.0300751879699248,0.104732419283503,0.0729998370539351,2085,"tags=25%, list=11%, signal=22%","CAMP/ITGB2/KRT40/HLA-DMB/HLA-DOA/HLA-DOB/KRT10/KRT18/CFD/DEFB1/KRT19/C3/CFB/KRT24/KRT23/KRT13/KRT14"
"hsa04670","hsa04670","Leukocyte transendothelial migration",106,-0.421777964204261,-1.398019913608,0.032258064516129,0.111027756939235,0.0773877679946302,1938,"tags=22%, list=10%, signal=20%","ITGB2/SIPA1/PXN/RASSF5/GNAI1/MYL12B/VAV3/VAV1/CLDN4/RHOH/CYBA/CTNNA1/CLDN8/PIK3CD/AFDN/OCLN/PLCG2/PRKCB/EZR/CLDN7/CLDN3/CLDN10"
"hsa00230","hsa00230","Purine metabolism",122,0.394172696702655,1.3568442387051,0.0340425531914894,0.11482292807594,0.080033050863742,2822,"tags=25%, list=15%, signal=21%","PAPSS2/ADA/NME1/PAICS/RRM2/PPAT/HPRT1/ATIC/GUCY1B1/GMPS/ADSL/GART/RRM1/NME4/PDE4B/GUCY1A1/AK2/PKM/AK6/AK3/PDE9A/PDE3B/ADK/NTPCR/DCK/NT5C3A/PDE6D/AK4/ADCY10/CANT1"
"hsa05143","hsa05143","African trypanosomiasis",34,0.515881822758598,1.45139334653765,0.034136546184739,0.11482292807594,0.080033050863742,1344,"tags=24%, list=7%, signal=22%","LAMA4/IFNG/SELE/PLCB1/VCAM1/FAS/ICAM1/FASLG"
"hsa03410","hsa03410","Base excision repair",32,0.528589069636694,1.4703247525855,0.0357142857142857,0.118455743879473,0.0825651699871147,3469,"tags=47%, list=18%, signal=38%","PCNA/FEN1/UNG/POLE2/TDG/NEIL3/APEX1/POLE3/POLD2/PARP1/NTHL1/POLD1/POLD3/POLB/SMUG1"
"hsa05146","hsa05146","Amoebiasis",101,0.404692723748736,1.36018572606371,0.0360169491525424,0.118455743879473,0.0825651699871147,717,"tags=17%, list=4%, signal=16%","LAMB1/FN1/COL1A1/COL4A1/COL4A2/COL3A1/COL4A5/LAMA4/CXCL3/COL1A2/IFNG/PLCB1/LAMC1/CD14/CXCL8/LAMA3/COL4A4"
"hsa05224","hsa05224","Breast cancer",142,0.374327599462413,1.32226011081516,0.0368763557483731,0.119605624696945,0.0833666516379846,4006,"tags=30%, list=21%, signal=23%","FZD7/CDK4/AKT3/BRCA1/MYC/KIT/E2F3/FGF1/LRP6/WNT5A/NRAS/FZD2/GADD45A/PIK3CB/SOS1/TP53/FZD6/EGFR/DVL3/RB1/DDB2/LEF1/FZD1/BRCA2/FGF2/CCND1/MAP2K1/JAG2/NOTCH1/WNT2/PIK3CA/TCF7L1/POLK/PTEN/GSK3B/CDKN1A/SP1/RPS6KB1/KRAS/E2F2/WNT10B/PGR"
"hsa04728","hsa04728","Dopaminergic synapse",127,-0.407827819254219,-1.38382870979217,0.0371747211895911,0.119605624696945,0.0833666516379846,3037,"tags=26%, list=16%, signal=22%","DRD4/PPP2CB/PLCB3/PPP1CB/PRKACB/CAMK2G/CALY/DRD2/MAPK14/CREB3L4/AKT1/CACNA1D/PRKCA/GNAQ/GNG8/GNG7/PPP3CC/GNB2/PPP3CA/MAPK10/GNAI1/PPP2R5C/PPP2R5A/MAOB/LRTOMT/FOS/CALML3/PRKCB/CALML5/MAOA/GNAL/CALML4"
"hsa04062","hsa04062","Chemokine signaling pathway",178,0.349173244060283,1.2716730399562,0.0384615384615385,0.121632727604785,0.0847795683162797,1468,"tags=13%, list=8%, signal=12%","CXCL11/CXCL10/CXCL9/CCL2/CCL8/AKT3/CCL4/CXCL3/PLCB1/CCL5/CXCL8/CCR1/NFKBIA/CCR5/STAT1/CCR2/JAK2/NRAS/CXCR6/PIK3CB/PTK2/SOS1/CXCL5"
"hsa05167","hsa05167","Kaposi sarcoma-associated herpesvirus infection",179,0.348400525546429,1.26739206381163,0.0386266094420601,0.121632727604785,0.0847795683162797,2791,"tags=23%, list=15%, signal=20%","PTGS2/ANGPT2/CDK4/AKT3/MYC/CXCL3/EIF2AK2/E2F3/CYCS/CXCL8/CCR1/FAS/NFKBIA/ICAM1/CCR5/VEGFA/STAT1/TBK1/JAK2/NRAS/BID/TYK2/PIK3CB/MAPK8/FADD/TP53/EP300/MICB/CLEC2B/CD86/IRF7/RB1/GNG11/STAT2/CHUK/FGF2/MICA/CCND1/SRC/MAP2K1/MAPKAPK2"
"hsa05323","hsa05323","Rheumatoid arthritis",85,0.407467898016277,1.33657945605583,0.04149377593361,0.128486163863266,0.0895565011280235,1963,"tags=22%, list=10%, signal=20%","MMP1/CCL2/MMP3/IL15/CXCL3/IFNG/CCL5/HLA-DQA1/CXCL8/CTSL/ICAM1/VEGFA/IL23A/ATP6V1C1/CTSK/CXCL5/TNFSF13B/CD86/ATP6V1B2"
"hsa04060","hsa04060","Cytokine-cytokine receptor interaction",273,0.319805648216078,1.22455814534157,0.0418502202643172,0.128486163863266,0.0895565011280235,1675,"tags=12%, list=9%, signal=12%","CXCL11/CXCL10/CXCL9/CCL2/CCL8/GHR/TNFSF4/TNFSF15/INHBA/CCL4/IL15/CXCL3/IFNG/CCL5/IL13RA2/TNFRSF11B/TNFRSF10B/CXCL8/BMP2/CCR1/FAS/BMPR1A/CCR5/CCR2/TNFRSF9/CXCR6/IL23A/IL15RA/FASLG/ACVR1C/CXCL5/IL32/ACKR3/TNFSF13B"
"hsa01200","hsa01200","Carbon metabolism",112,0.393119692462772,1.33715164698537,0.0421052631578947,0.128486163863266,0.0895565011280235,4113,"tags=31%, list=22%, signal=25%","PSAT1/PSPH/IDH1/GAPDH/PHGDH/SHMT2/TPI1/RPE/GCSH/ENO1/CS/ME2/CPS1/GPI/DLD/PGK1/PKM/ADH5/PFKM/PFKP/MDH1/ACAT2/PGAM1/FH/SDHB/PDHA1/SDSL/PCCB/HIBCH/ESD/IDH3B/ADPGK/ENO3/HK2/PGP"
"hsa04960","hsa04960","Aldosterone-regulated sodium reabsorption",37,-0.545859096399912,-1.51986478897305,0.0428015564202335,0.129278170412134,0.0901085398320704,3981,"tags=51%, list=21%, signal=41%","IGF1/SLC9A3R2/PDPK1/HSD11B2/SFN/ATP1A2/ATP1B3/NR3C2/PRKCA/IRS1/MAPK3/ATP1A1/INSR/SCNN1B/ATP1B1/PIK3CD/PRKCB/SCNN1A"
"hsa05212","hsa05212","Pancreatic cancer",75,0.416950947112493,1.33214692293957,0.046218487394958,0.138188608776844,0.0963192294461644,4445,"tags=47%, list=23%, signal=36%","CDK4/AKT3/E2F3/VEGFA/STAT1/RAD51/SMAD4/GADD45A/PIK3CB/MAPK8/TP53/EGFR/RB1/RALBP1/CHUK/DDB2/BRCA2/CCND1/TGFB2/MAP2K1/RALA/PIK3CA/POLK/PLD1/CDKN1A/RPS6KB1/KRAS/E2F2/STAT3/NFKB1/SMAD2/JAK1/TGFB3/TGFBR1/PIK3R3"
"hsa04064","hsa04064","NF-kappa B signaling pathway",97,0.401917602577767,1.33735941532252,0.0493562231759657,0.146094420600858,0.101829681499887,3348,"tags=34%, list=18%, signal=28%","PTGS2/BCL2A1/PLAU/CCL4/CXCL3/VCAM1/CD14/BCL2/CXCL8/NFKBIA/ICAM1/BIRC3/DDX58/TNFAIP3/TRAF1/TNFSF13B/TAB3/TNFRSF11A/BIRC2/CHUK/PARP1/MALT1/MAP3K7/LY96/CSNK2A1/CFLAR/UBE2I/IRAK1/CD40/IL1B/TLR4/TRIM25/PIAS4"
"hsa04150","hsa04150","mTOR signaling pathway",147,0.363120345263804,1.28625790423399,0.0541125541125541,0.158587287300159,0.110537369526426,3849,"tags=29%, list=20%, signal=23%","FZD7/GRB10/AKT3/SKP2/LRP6/SEH1L/WNT5A/TTI1/EIF4E2/NRAS/FZD2/SLC7A5/PIK3CB/ATP6V1C1/RHEB/SOS1/EIF4EBP1/FNIP2/FZD6/EIF4B/EIF4E/DVL3/SGK1/ATP6V1B2/MAPKAP1/FNIP1/CHUK/FZD1/MAP2K1/WNT2/SLC3A2/PIK3CA/STRADB/DEPTOR/TBC1D7/ULK1/PTEN/GSK3B/LAMTOR3/RPS6KB1/KRAS/LPIN1"
"hsa04710","hsa04710","Circadian rhythm",28,-0.565304157073597,-1.46456519793674,0.0569105691056911,0.163881913273881,0.114227791613374,2110,"tags=32%, list=11%, signal=29%","BHLHE40/NPAS2/CRY1/CRY2/RORA/PER2/BHLHE41/RORB"
"hsa03420","hsa03420","Nucleotide excision repair",43,0.477244868545283,1.40407947122109,0.0570264765784114,0.163881913273881,0.114227791613374,4897,"tags=63%, list=26%, signal=47%","PCNA/RFC4/RFC3/POLE2/RFC1/RPA1/RFC2/POLE3/GTF2H1/RAD23B/POLD2/DDB2/RFC5/RBX1/POLD1/POLD3/RPA3/GTF2H4/RAD23A/RPA4/LIG1/CUL4B/CUL4A/ERCC8/GTF2H3/POLE/RPA2"
"hsa04310","hsa04310","Wnt signaling pathway",151,0.358488489707824,1.27906853976981,0.0576923076923077,0.164201183431953,0.114450327000934,2673,"tags=21%, list=14%, signal=18%","FZD7/CCND2/ZNRF3/MYC/PLCB1/VANGL2/LGR4/LRP6/CACYBP/SFRP1/WNT5A/SFRP2/FZD2/BAMBI/SMAD4/MAPK8/CUL1/TP53/FZD6/INVS/EP300/DVL3/DKK1/NLK/MMP7/LEF1/FZD1/RYK/MAP3K7/RBX1/CSNK2A1/CCND1"
"hsa03022","hsa03022","Basal transcription factors",39,0.488921807251175,1.4059665728995,0.0585858585858586,0.164955019504816,0.114975760394538,5174,"tags=49%, list=27%, signal=35%","TAF15/GTF2F2/TAF5/GTF2H1/TAF4/TAF13/TBPL1/TAF11/TAF2/GTF2H4/TBP/GTF2E1/GTF2A2/GTF2E2/TAF12/TAF7/GTF2H3/TAF4B/TAF6"
"hsa05218","hsa05218","Melanoma",72,0.413229058157632,1.30763644460318,0.0590717299578059,0.164955019504816,0.114975760394538,3958,"tags=33%, list=21%, signal=26%","CDK4/AKT3/E2F3/FGF1/NRAS/GADD45A/PIK3CB/TP53/EGFR/RB1/DDB2/FGF2/PDGFA/CCND1/MAP2K1/PDGFC/PIK3CA/POLK/PTEN/CDKN1A/KRAS/PDGFRA/E2F2/MDM2"
"hsa04934","hsa04934","Cushing syndrome",151,0.351317973880087,1.25348450716487,0.0662393162393162,0.183241472961099,0.12772165256179,4048,"tags=24%, list=21%, signal=19%","CCNE2/STAR/FZD7/CDK4/PLCB1/E2F3/WNT5A/FZD2/FZD6/CDK2/EGFR/DVL3/KMT2D/RB1/ATF4/LEF1/FZD1/ATF2/RAP1B/CCND1/PBX1/MAP2K1/FH/CCNE1/WNT2/TCF7L1/GNAI3/CDKN2C/GSK3B/CDKN1A/SP1/RBBP5/E2F2/WNT10B/PLCB4/AIP"
"hsa04962","hsa04962","Vasopressin-regulated water reabsorption",44,-0.47539208456176,-1.36828610500609,0.0707269155206287,0.191816330309202,0.133698437911108,2748,"tags=39%, list=15%, signal=33%","CREB3/AVPR2/DYNC1LI2/RAB11A/ADCY6/DYNC2LI1/PRKACB/CREB3L4/NSF/DYNLL1/RAB5A/ADCY9/DYNC1H1/ARHGDIB/AQP3/DYNC2H1"
"hsa04978","hsa04978","Mineral absorption",50,-0.478920200929869,-1.40450589819449,0.0711462450592885,0.191816330309202,0.133698437911108,2591,"tags=34%, list=14%, signal=29%","ATP1B3/MT1G/HMOX1/MT1HL1/MT1M/MT1H/MT1F/ATP1A1/MT1X/TF/SLC40A1/ATP1B1/SLC11A2/CYBRD1/MT1E/SLC34A2"
"hsa05332","hsa05332","Graft-versus-host disease",35,0.484101360206951,1.36953225033252,0.0712830957230143,0.191816330309202,0.133698437911108,1816,"tags=20%, list=10%, signal=18%","GZMB/IFNG/HLA-DQA1/FAS/PRF1/FASLG/CD86"
"hsa05217","hsa05217","Basal cell carcinoma",60,0.432026635611621,1.32075287661834,0.072463768115942,0.192987539843524,0.134514785950678,3673,"tags=28%, list=19%, signal=23%","FZD7/BMP2/WNT5A/FZD2/GADD45A/TP53/FZD6/PTCH1/DVL3/DDB2/LEF1/FZD1/WNT2/TCF7L1/POLK/GSK3B/CDKN1A"
"hsa05144","hsa05144","Malaria",45,0.465405281939643,1.37440549403089,0.0730223123732252,0.192987539843524,0.134514785950678,787,"tags=18%, list=4%, signal=17%","CCL2/SDC2/IFNG/SELE/THBS2/VCAM1/CXCL8/ICAM1"
"hsa04070","hsa04070","Phosphatidylinositol signaling system",94,-0.402099888776422,-1.30673674837072,0.0737240075614367,0.193117754320223,0.134605547107979,3887,"tags=38%, list=21%, signal=31%","PLCB2/PIP4K2A/PIP4K2C/CDS2/ITPR1/INPP5F/INPP5E/IPPK/ITPR3/DGKA/MTM1/MTMR14/PLCB3/PIP5K1B/DGKB/MTMR3/PPIP5K1/PRKCA/PIP4P1/INPP5D/DGKD/ITPK1/ITPKC/DGKH/INPP5A/INPP4B/PIK3CD/PIK3C2B/CALML3/PLCG2/IMPA2/PRKCB/CALML5/CDS1/CALML4"
"hsa05142","hsa05142","Chagas disease (American trypanosomiasis)",99,0.384247230253697,1.2868731133579,0.0746268656716418,0.193735390369331,0.135036047341355,1467,"tags=16%, list=8%, signal=15%","CCL2/AKT3/C1QB/IFNG/PLCB1/CCL5/CXCL8/C1QA/FAS/NFKBIA/SERPINE1/C1QC/PIK3CB/MAPK8/FASLG/FADD"
"hsa04550","hsa04550","Signaling pathways regulating pluripotency of stem cells",132,0.362234654349085,1.2623235080782,0.0752688172043011,0.193735390369331,0.135036047341355,1658,"tags=17%, list=9%, signal=15%","FZD7/AKT3/INHBA/MYC/RIF1/ID2/SMAD5/SMAD1/BMPR1A/WNT5A/SMARCAD1/JAK2/NRAS/FZD2/SMAD4/PIK3CB/TBX3/ACVR1C/ISL1/FZD6/PCGF6/DVL3"
"hsa04114","hsa04114","Oocyte meiosis",113,0.370197560447539,1.26149051807975,0.0769230769230769,0.196286472148541,0.136814184001117,1762,"tags=18%, list=9%, signal=16%","CCNE2/MAD2L1/CDK1/CCNB1/AURKA/FBXO5/CCNB2/SMC1A/PTTG1/CDC27/YWHAG/CDC20/YWHAH/CDC23/ANAPC10/CUL1/SMC3/CDK2/PPP1CC/YWHAQ"
"hsa05330","hsa05330","Allograft rejection",33,0.490495487104396,1.37165803502424,0.0843373493975904,0.212182999872563,0.147894267336495,1816,"tags=21%, list=10%, signal=19%","GZMB/IFNG/HLA-DQA1/FAS/PRF1/FASLG/CD86"
"hsa04918","hsa04918","Thyroid hormone synthesis",73,-0.413574715229685,-1.30873303867557,0.0845864661654135,0.212182999872563,0.147894267336495,3037,"tags=36%, list=16%, signal=30%","PLCB2/ADCY7/ITPR1/ITPR3/PLCB3/PRKACB/ATP1A2/ATP1B3/CREB3L4/TPO/PRKCA/IYD/GNAQ/ADCY9/ATP1A1/GPX3/GPX1/DUOXA2/GSR/ADCY2/ATP1B1/GPX2/SLC26A4/PRKCB/DUOX2"
"hsa05226","hsa05226","Gastric cancer",144,0.348709355906591,1.23050275098701,0.091703056768559,0.226819923371648,0.158096390401291,3206,"tags=23%, list=17%, signal=19%","CCNE2/FZD7/AKT3/MYC/E2F3/FGF1/BCL2/LRP6/WNT5A/NRAS/FZD2/SMAD4/GADD45A/PIK3CB/SOS1/TP53/FZD6/CDK2/EGFR/DVL3/RB1/DDB2/LEF1/FZD1/FGF2/CCND1/TGFB2/MAP2K1/CCNE1/WNT2/PIK3CA/TCF7L1/POLK"
"hsa00563","hsa00563","Glycosylphosphatidylinositol (GPI)-anchor biosynthesis",24,0.506886706339412,1.34113959792989,0.0919540229885057,0.226819923371648,0.158096390401291,3757,"tags=38%, list=20%, signal=30%","PGAP1/PIGW/PIGA/PIGX/PIGG/PIGN/PIGB/PIGC/PIGF"
"hsa05215","hsa05215","Prostate cancer",97,0.381019163543123,1.26782097254402,0.0944206008583691,0.230979321108076,0.160995543873339,4106,"tags=40%, list=22%, signal=32%","CCNE2/MMP3/PLAU/AKT3/E2F3/BCL2/NFKBIA/NRAS/PIK3CB/SOS1/TP53/CDK2/EGFR/EP300/PLAT/HSP90AB1/RB1/ATF4/CHUK/LEF1/PDGFA/CCND1/MAP2K1/PDGFC/CCNE1/ZEB1/PIK3CA/TCF7L1/PTEN/GSK3B/CDKN1A/KRAS/PDGFRA/E2F2/MDM2/NFKB1/MMP9/HSP90B1/ETV5"
"hsa00190","hsa00190","Oxidative phosphorylation",120,0.358584885536833,1.23297503273517,0.0959488272921109,0.23279387605299,0.162260311900377,4900,"tags=49%, list=26%, signal=37%","CYC1/PPA1/NDUFB9/NDUFA9/ATP6V1C1/ND2/COX15/COX11/ATP5F1B/ATP5MC1/ATP5MC3/ATP6V1B2/UQCRFS1/NDUFA5/NDUFA6/NDUFS2/COX2/NDUFA12/ATP5PF/NDUFB4/ATP5F1C/NDUFA8/ND4/ATP5PD/SDHB/UQCRC2/NDUFB5/COX7A2L/NDUFV3/NDUFA4/NDUFA7/ATP6V0A2/ATP5MF/NDUFAB1/NDUFS1/UQCR11/NDUFV1/ATP5F1E/NDUFB11/NDUFS6/ATP5PO/ATP5F1A/PPA2/COX6C/UQCRB/UQCR10/NDUFA11/COX7B/COX5B/COX17/ATP5PB/ATP5MC2/ATP6V1E2/COX7C/COX7A2/NDUFB2/COX5A/NDUFS4/NDUFB10"
"hsa05130","hsa05130","Pathogenic Escherichia coli infection",191,-0.342154592575144,-1.21620025635838,0.0992647058823529,0.238880918220947,0.166503058219437,2590,"tags=23%, list=14%, signal=20%","WASF3/MAPK14/ARPC1B/ARPC3/TMBIM6/CYFIP2/IL1R1/ARF6/NCK2/MYO1E/ARPC4/MYH14/CYTH2/MAPK3/CASP4/TRADD/MAPK10/MYO5C/BAIAP2/CASP9/PTPN6/HCLS1/CLDN4/CASP7/SLC9A3R1/CLDN8/LPAR5/LYN/FOS/OCLN/IL18/TUBA4A/EZR/MYO5B/CLDN7/TUBA1A/MYO1D/TUBB3/CLDN3/TUBB4B/TUBB2A/CLDN10"
"hsa04750","hsa04750","Inflammatory mediator regulation of TRP channels",91,-0.39096824075064,-1.26236057103832,0.107485604606526,0.255874263261297,0.178347637266053,4324,"tags=42%, list=23%, signal=32%","CALM1/ASIC4/ADCY6/KNG1/IGF1/PLCB2/ADCY7/TRPV2/ITPR1/HRH1/CYP4A11/ITPR3/PLCB3/PPP1CB/PRKACB/ALOX12/CAMK2G/MAPK14/PRKCH/PRKCE/PRKCA/GNAQ/IL1R1/TRPV4/P2RY2/BDKRB2/ADCY9/MAPK10/ADCY2/PTGER2/PRKCD/PIK3CD/CALML3/PLCG2/PRKCB/CALML5/CALML4"
"hsa00330","hsa00330","Arginine and proline metabolism",44,-0.448936991755954,-1.29214235531324,0.108055009823183,0.255874263261297,0.178347637266053,1944,"tags=25%, list=10%, signal=22%","ALDH3A2/ARG2/AGMAT/OAT/SAT2/SAT1/ALDH7A1/MAOB/MAOA/CKB"
"hsa04612","hsa04612","Antigen processing and presentation",65,0.401638069673332,1.2538913747319,0.114107883817427,0.268062965158401,0.18684331853146,4896,"tags=40%, list=26%, signal=30%","IFNG/HLA-DQA1/CTSL/NFYB/KLRC3/TAP1/RFX5/HSP90AB1/TAP2/NFYA/CD8A/PSME3/LGMN/HSPA5/PDIA3/KIR2DS2/KLRD1/TAPBP/KIR2DL5A/CIITA/PSME1/KLRC4/HSPA6/CANX/KIR2DS5/RFXANK"
"hsa00071","hsa00071","Fatty acid degradation",42,-0.453788385681697,-1.30098434367747,0.118217054263566,0.274522132796781,0.191345441067457,2374,"tags=48%, list=13%, signal=42%","ALDH2/ADH1B/ACADL/ACOX3/HADHA/ACSL3/ACSBG1/ECHS1/CYP4A11/ACSL5/ACADVL/ACAA1/ADH1A/ALDH3A2/ECI2/ALDH7A1/ADH6/ADH1C/ADH7"
"hsa00512","hsa00512","Mucin type O-glycan biosynthesis",29,-0.500865737150026,-1.31845219510359,0.118712273641851,0.274522132796781,0.191345441067457,2883,"tags=31%, list=15%, signal=26%","ST3GAL1/GALNT7/GALNT5/B4GALT5/GALNT3/GALNT12/GCNT3/ST6GALNAC1"
"hsa05412","hsa05412","Arrhythmogenic right ventricular cardiomyopathy (ARVC)",75,0.385337289564451,1.23114214787636,0.121848739495798,0.279590906129894,0.194878440972472,320,"tags=7%, list=2%, signal=7%","CACNA2D1/GJA1/DMD/DSG2/ITGAV"
"hsa00010","hsa00010","Glycolysis / Gluconeogenesis",65,-0.411790449561457,-1.27068161211957,0.123076923076923,0.280236686390533,0.195328558081594,2087,"tags=18%, list=11%, signal=16%","HK1/PCK2/ALDH3A2/FBP1/ALDH7A1/ADH6/ALDH3B2/ALDH1A3/ADH1C/ADH7/ALDH3A1"
"hsa05221","hsa05221","Acute myeloid leukemia",65,0.399516310521927,1.2472673624679,0.12448132780083,0.281270786481264,0.196049339083669,3965,"tags=32%, list=21%, signal=26%","BCL2A1/AKT3/MYC/KIT/CD14/NRAS/PIK3CB/SOS1/EIF4EBP1/ITGAM/CHUK/LEF1/CCND1/MAP2K1/PIK3CA/TCF7L1/CSF1R/RPS6KB1/KRAS/STAT3/NFKB1"
"hsa04340","hsa04340","Hedgehog signaling pathway",47,0.421857477112586,1.25830495447719,0.128256513026052,0.28760551405842,0.200464725303877,4626,"tags=34%, list=24%, signal=26%","CCND2/BCL2/GPR161/CUL1/PTCH1/SPOPL/CSNK1G3/CCND1/CDON/SMURF2/GSK3B/CSNK1G1/GRK3/CSNK1D/GAS1/FBXW11"
"hsa04657","hsa04657","IL-17 signaling pathway",90,0.368389171133715,1.22128515296676,0.130705394190871,0.28886337543054,0.201341470783733,2534,"tags=24%, list=13%, signal=21%","PTGS2/MMP1/CXCL10/CCL2/MMP3/CXCL3/IFNG/CXCL8/NFKBIA/TBK1/TNFAIP3/MAPK8/ELAVL1/FADD/CXCL5/TAB3/HSP90AB1/ANAPC5/CHUK/MAP3K7/CCL20/IL17RB"
"hsa04924","hsa04924","Renin secretion",68,-0.404026841524725,-1.25280469165209,0.130769230769231,0.28886337543054,0.201341470783733,1736,"tags=28%, list=9%, signal=25%","ITPR1/REN/ITPR3/PLCB3/PRKACB/CACNA1D/GNAQ/PPP3CC/ADRB2/PPP3CA/GNAI1/PTGER2/KCNJ2/CALML3/CALML5/CLCA2/CALML4/CLCA4"
"hsa04931","hsa04931","Insulin resistance",107,-0.369959734710133,-1.23110596075704,0.133458646616541,0.292620439988861,0.20396019287986,2933,"tags=24%, list=15%, signal=21%","PPP1CB/PPP1R3E/PPARA/CREB3L4/AKT1/PRKCE/IRS1/SREBF1/PCK2/RPS6KA2/SLC27A1/SLC27A4/MAPK10/PPP1R3C/FOXO1/INSR/RPS6KA1/GFPT1/PRKCZ/PRKCD/PIK3CD/PYGL/PRKCB/SLC27A6/SLC27A2"
"hsa00590","hsa00590","Arachidonic acid metabolism",55,-0.418722322098575,-1.25028048837492,0.137596899224806,0.299475604195166,0.208738330093359,2448,"tags=25%, list=13%, signal=22%","CBR3/TBXAS1/CYP4F3/ALOX12B/GPX3/GPX1/CBR1/GPX2/PLA2G16/PTGDS/ALOX15/CYP2E1/AKR1C3"
"hsa05216","hsa05216","Thyroid cancer",37,0.446371011655129,1.26903460734975,0.147540983606557,0.318774679909058,0.222190032938035,3785,"tags=41%, list=20%, signal=33%","MYC/NRAS/GADD45A/TP53/TFG/DDB2/LEF1/CCND1/MAP2K1/TPR/TCF7L1/POLK/TPM3/CDKN1A/KRAS"
"hsa04925","hsa04925","Aldosterone synthesis and secretion",96,-0.37102000224662,-1.20958679280187,0.149056603773585,0.319715613891168,0.222845875969662,3807,"tags=32%, list=20%, signal=26%","ADCY7/CACNA1I/CACNA1F/CYP11A1/ITPR1/GNA11/ITPR3/CACNA1H/PLCB3/CAMK1D/PRKACB/CAMK1/CAMK2G/ATP1A2/ATP1B3/CREB3L4/CACNA1D/PRKCE/PRKCA/PRKD2/GNAQ/ADCY9/ATP1A1/ADCY2/ATP1B1/CALML3/PRKCB/CALML5/NR4A2/CALML4"
"hsa05020","hsa05020","Prion diseases",34,0.449014202936291,1.26326650386283,0.150602409638554,0.320707289590015,0.223537086627464,3318,"tags=32%, list=18%, signal=27%","C1QB/CCL5/LAMC1/C1QA/C1QC/PRNP/MAP2K1/C5/NOTCH1/HSPA5/IL1B"
"hsa04720","hsa04720","Long-term potentiation",66,-0.398646679984189,-1.23767274573689,0.153119092627599,0.322297754627586,0.224645661120224,4436,"tags=41%, list=23%, signal=31%","CAMK2A/CALM1/RAPGEF3/GRM1/CREBBP/PLCB2/RPS6KA3/ITPR1/ITPR3/PLCB3/PPP1CB/PRKACB/CAMK2G/PPP1R1A/PRKCA/GNAQ/RAF1/RPS6KA2/PPP3CC/MAPK3/PPP3CA/RPS6KA1/CALML3/PRKCB/CALML5/CALML4"
"hsa05211","hsa05211","Renal cell carcinoma",68,0.384546935759346,1.21388377849586,0.153526970954357,0.322297754627586,0.224645661120224,3125,"tags=32%, list=16%, signal=27%","AKT3/ARNT2/CUL2/ELOC/VEGFA/NRAS/PIK3CB/PTPN11/SOS1/EGLN1/EP300/CRKL/CRK/RBX1/RAP1B/TGFB2/PAK3/MAP2K1/FH/HIF1A/PRCC/PIK3CA"
"hsa04970","hsa04970","Salivary secretion",83,-0.375686098483208,-1.20673212007424,0.165714285714286,0.342592592592593,0.238791423001949,3154,"tags=35%, list=17%, signal=29%","ADCY7/MUC5B/ITPR1/ADRA1B/ITPR3/KCNN4/PLCB3/PRKACB/ATP1A2/ATP1B3/BEST2/LYZ/PRKCA/SLC9A1/GNAQ/CAMP/ADCY9/ADRB2/ATP1A1/CST3/ADCY2/AQP5/ATP1B1/CALML3/STATH/PRKCB/CALML5/CALML4"
"hsa04217","hsa04217","Necroptosis",140,0.3309458425883,1.16397047292599,0.166666666666667,0.342592592592593,0.238791423001949,2421,"tags=21%, list=13%, signal=18%","IFNG/EIF2AK2/PLA2G4C/BCL2/TNFRSF10B/PLA2G4A/DNM1L/FAS/H2AFZ/BIRC3/STAT1/JAK2/BID/TNFAIP3/TYK2/VDAC1/MAPK8/PYCARD/FASLG/FADD/PPIA/FAF1/HSP90AB1/H2AFV/STAT2/BIRC2/FTH1/FTL/PARP1"
"hsa05170","hsa05170","Human immunodeficiency virus 1 infection",201,0.303600215951259,1.13303772614916,0.166666666666667,0.342592592592593,0.238791423001949,3322,"tags=22%, list=18%, signal=18%","CDK1/CCNB1/AKT3/CHEK1/CCNB2/BST2/BCL2/CYCS/FAS/NFKBIA/ELOC/TRIM5/APOBEC3B/CCR5/TBK1/NRAS/BID/PIK3CB/MAPK8/TAP1/PTK2/FASLG/CUL1/FADD/ATR/APOBEC3G/CRKL/TAP2/GNG11/CRK/WEE1/CFL1/CHUK/MAP3K7/RBX1/PAK3/MAP2K1/CGAS/PIK3CA/IRAK1/PDIA3/GNAI3/GNG2/TLR4"
"hsa05131","hsa05131","Shigellosis",64,0.385375171949719,1.20294705761323,0.169072164948454,0.345140419480981,0.240567290961139,2736,"tags=27%, list=14%, signal=23%","CXCL8/NFKBIA/WASF1/MAPK8/RIPK2/ARPC1A/U2AF1/CRKL/CD44/PFN1/ATG5/CRK/CHUK/VCL/ITGB1/SRC/ARPC5"
"hsa01212","hsa01212","Fatty acid metabolism",51,0.401239211090279,1.20198417767658,0.176113360323887,0.353944562899787,0.24670389163712,3660,"tags=27%, list=19%, signal=22%","SCD5/ELOVL7/ACSL4/CBR4/HACD3/CPT1C/ACAT2/ACADSB/ACACA/HSD17B12/HACD1/SCD/ELOVL6/PPT1"
"hsa04068","hsa04068","FoxO signaling pathway",127,0.33259213928965,1.15219524269425,0.176724137931034,0.353944562899787,0.24670389163712,1792,"tags=17%, list=9%, signal=15%","CCND2/CCNB1/AKT3/CCNB2/HOMER3/SKP2/BNIP3/PRMT1/PLK4/NRAS/SMAD4/GADD45A/BCL2L11/PIK3CB/MAPK8/FASLG/SOS1/CDK2/EGFR/EP300/SGK1"
"hsa04650","hsa04650","Natural killer cell mediated cytotoxicity",120,0.337111438887686,1.15913972998522,0.176972281449893,0.353944562899787,0.24670389163712,1642,"tags=14%, list=9%, signal=13%","GZMB/FCGR3B/IFNG/TYROBP/TNFRSF10B/FCER1G/FAS/ICAM1/PRF1/NRAS/BID/PIK3CB/KLRC3/PTPN11/FASLG/SOS1/MICB"
"hsa04972","hsa04972","Pancreatic secretion",92,-0.368765948727789,-1.1923229369283,0.18007662835249,0.357736120753941,0.249346656002035,4358,"tags=35%, list=23%, signal=27%","RAB11A/PRSS2/ADCY6/RHOA/PLCB2/ADCY7/CCK/PLA2G2D/SCT/ITPR1/RAB27B/ITPR3/PLCB3/CFTR/ATP1A2/ATP1B3/CPA3/PRKCA/SLC9A1/GNAQ/KCNQ1/ADCY9/ATP1A1/PRSS3/ADCY2/ATP1B1/TRPC1/ATP2A3/PRKCB/CLCA2/CLCA4"
"hsa00900","hsa00900","Terpenoid backbone biosynthesis",22,0.481154300707615,1.23699194733605,0.181467181467181,0.358095238095238,0.249596965386439,4197,"tags=41%, list=22%, signal=32%","PDSS1/FNTA/ACAT2/HMGCR/GGPS1/ZMPSTE24/FDPS/NUS1/FNTB"
"hsa04015","hsa04015","Rap1 signaling pathway",203,-0.315760519252995,-1.12783796781174,0.195571955719557,0.38337284035092,0.267215777769489,2564,"tags=23%, list=14%, signal=20%","MAPK14/LAT/SIPA1L1/AKT1/RALB/CDH1/PRKCA/MAGI1/PRKD2/ADORA2B/GNAQ/FYB1/RAF1/BCAR1/APBB1IP/ADCY9/FGF9/ITGB2/MAPK3/SIPA1/RASGRP3/RASSF5/GNAI1/MET/EVL/INSR/VAV3/ADCY2/VAV1/FGFR2/LPAR3/RASGRP2/FGFR3/PRKCZ/PIK3CD/LPAR5/AFDN/CALML3/PFN2/PRKCB/ID1/CALML5/MAGI3/EPHA2/CALML4"
"hsa05010","hsa05010","Alzheimer disease",161,0.311288004802845,1.11758211305623,0.202959830866808,0.395237565372204,0.275485643004808,4452,"tags=38%, list=24%, signal=29%","LPL/PLCB1/GAPDH/CYCS/CYC1/FAS/BID/NDUFB9/NDUFA9/FADD/APOE/ATP5F1B/ADAM17/ATP5MC1/RYR3/ATP5MC3/UQCRFS1/NAE1/NDUFA5/NDUFA6/NDUFS2/HSD17B10/COX2/NDUFA12/APP/ATP5PF/NDUFB4/ATP5F1C/NDUFA8/CDK5/ATP5PD/SDHB/UQCRC2/NDUFB5/COX7A2L/NDUFV3/NDUFA4/NDUFA7/IL1B/NDUFAB1/NDUFS1/UQCR11/NDUFV1/ATP5F1E/NDUFB11/GSK3B/NDUFS6/ATP5PO/ATP5F1A/PLCB4/COX6C/UQCRB/PPP3R1/UQCR10/NDUFA11/COX7B/COX5B/TNFRSF1A/ATP5PB/ATP5MC2/ATF6"
"hsa01040","hsa01040","Biosynthesis of unsaturated fatty acids",22,0.473892564510959,1.21832286511911,0.204633204633205,0.395891690009337,0.275941576251174,3587,"tags=36%, list=19%, signal=30%","SCD5/ELOVL7/HACD3/ACOT7/HSD17B12/HACD1/SCD/ELOVL6"
"hsa05320","hsa05320","Autoimmune thyroid disease",46,0.400591058085178,1.19298630469208,0.206412825651303,0.396741535018088,0.276533929102224,1816,"tags=13%, list=10%, signal=12%","GZMB/HLA-DQA1/FAS/PRF1/FASLG/CD86"
"hsa04713","hsa04713","Circadian entrainment",93,-0.360224942850143,-1.16596211202489,0.215238095238095,0.409193679668221,0.285213233339159,5285,"tags=41%, list=28%, signal=30%","GNG3/ADCYAP1R1/GRIN1/KCNJ9/KCNJ5/CAMK2D/PER3/GNAI2/CAMK2A/CALM1/ADCY6/PLCB2/ADCY7/CACNA1I/ITPR1/RASD1/ITPR3/CACNA1H/PLCB3/PRKACB/CAMK2G/CACNA1D/PRKCA/GNAQ/GNG8/GNG7/ADCY9/MAPK3/GNB2/GNAI1/ADCY2/FOS/CALML3/PER2/PRKCB/CALML5/CALML4"
"hsa05140","hsa05140","Leishmaniasis",69,0.369039440197284,1.16186612396359,0.216386554621849,0.409193679668221,0.285213233339159,1003,"tags=13%, list=5%, signal=12%","PTGS2/FCGR3B/IFNG/FCGR2A/HLA-DQA1/MARCKSL1/NFKBIA/STAT1/JAK2"
"hsa05110","hsa05110","Vibrio cholerae infection",49,-0.402917142702486,-1.17022727746845,0.217038539553753,0.409193679668221,0.285213233339159,2810,"tags=31%, list=15%, signal=26%","PRKACB/CFTR/TJP1/TCIRG1/ATP6AP1/PRKCA/ATP6V1G1/KCNQ1/ADCY9/ATP6V0D1/TJP2/ATP6V1D/PLCG2/ATP6V0A4"
"hsa04611","hsa04611","Platelet activation",118,0.326487916850697,1.12002219279565,0.225806451612903,0.423029808084933,0.294857191979541,535,"tags=8%, list=3%, signal=8%","COL1A1/COL3A1/AKT3/COL1A2/PLCB1/FCGR2A/PLA2G4C/GUCY1B1/PLA2G4A/FCER1G"
"hsa04672","hsa04672","Intestinal immune network for IgA production",43,-0.402028605999545,-1.1551741155814,0.23091976516634,0.429888367856835,0.299637695945731,2324,"tags=23%, list=12%, signal=20%","HLA-DMA/CCL28/TNFRSF13B/HLA-DMB/HLA-DOA/AICDA/HLA-DOB/TNFRSF17/PIGR"
"hsa00310","hsa00310","Lysine degradation",57,0.373486045749516,1.13777050709612,0.242362525458248,0.446706078974282,0.311359855899571,4198,"tags=28%, list=22%, signal=22%","EZH2/SUV39H2/DHTKD1/COLGALT1/DLD/KMT2D/BBOX1/ACAT2/NSD2/PLOD1/PLOD3/PIPOX/COLGALT2/GCDH/EHMT1/KMT2C"
"hsa00500","hsa00500","Starch and sucrose metabolism",30,-0.439032727008831,-1.16645273604729,0.242971887550201,0.446706078974282,0.311359855899571,3516,"tags=33%, list=19%, signal=27%","UGP2/PGM1/GBE1/TREH/PGM2L1/ENPP3/HK1/MGAM/PYGL"
"hsa05152","hsa05152","Tuberculosis",169,0.303865658055353,1.09710567492953,0.245161290322581,0.44794902429311,0.312226204699323,1858,"tags=16%, list=10%, signal=15%","FCGR3B/AKT3/IFNG/FCGR2A/CLEC7A/HLA-DQA1/CD14/BCL2/CYCS/FCER1G/LAMP2/HSPD1/NFYB/CEBPG/STAT1/MRC1/JAK2/BID/MAPK8/IL23A/CLEC4E/FADD/RIPK2/EP300/RFX5/HSPA9/ITGAM"
"hsa05034","hsa05034","Alcoholism",145,-0.318190964239869,-1.09657868467184,0.248618784530387,0.451479510558248,0.314686998824384,2820,"tags=19%, list=15%, signal=16%","PRKACB/DRD2/CREB3L4/HIST2H2AA3/HIST3H2A/SOS2/ADORA2B/HIST1H2AJ/GNG8/RAF1/GNG7/GRIN3B/HIST1H2BD/MAPK3/GNB2/H3F3A/GNAI1/HIST1H2AE/HDAC9/MAOB/CALML3/CALML5/MAOA/HIST2H2BE/H2AFJ/CALML4"
"hsa05134","hsa05134","Legionellosis",52,0.370067766717743,1.12253349422685,0.252988047808765,0.456612574093868,0.318264809823607,1950,"tags=23%, list=10%, signal=21%","CXCL3/CD14/BNIP3/CYCS/CXCL8/NFKBIA/HSPD1/HBS1L/NAIP/PYCARD/ITGAM/TLR5"
"hsa00250","hsa00250","Alanine, aspartate and glutamate metabolism",35,0.409049308391837,1.15720852256922,0.258655804480652,0.461895775874583,0.321947269101772,1803,"tags=29%, list=10%, signal=26%","GAD1/ASNS/PPAT/GLS2/ADSL/CPS1/IL4I1/CAD/NIT2/GFPT2"
"hsa00565","hsa00565","Ether lipid metabolism",41,0.400415541173701,1.16128192234224,0.259036144578313,0.461895775874583,0.321947269101772,1925,"tags=20%, list=10%, signal=18%","PLA2G7/PLA2G4C/PLA2G4A/SELENOI/PLA2G3/LPCAT2/PLD3/UGT8"
"hsa04913","hsa04913","Ovarian steroidogenesis",43,0.389144883054855,1.14488468633207,0.260692464358452,0.462025906252912,0.322037971641432,490,"tags=9%, list=3%, signal=9%","PTGS2/STAR/PLA2G4C/PLA2G4A"
"hsa02010","hsa02010","ABC transporters",43,-0.391913463934748,-1.12610964077958,0.262230919765166,0.462025906252912,0.322037971641432,1147,"tags=28%, list=6%, signal=26%","ABCG4/ABCC2/ABCD4/ABCB4/ABCB1/ABCC6/ABCD3/ABCA5/ABCA7/DEFB1/ABCA13"
"hsa04979","hsa04979","Cholesterol metabolism",50,0.377673644716144,1.1263640828492,0.266129032258065,0.463646608068515,0.323167621555579,1725,"tags=14%, list=9%, signal=13%","STAR/LPL/APOC1/VDAC1/NPC1/APOE/ABCA1"
"hsa04727","hsa04727","GABAergic synapse",84,-0.347426503252939,-1.11505255309597,0.266283524904215,0.463646608068515,0.323167621555579,2865,"tags=20%, list=15%, signal=17%","PRKACB/TRAK2/CACNA1D/NSF/PRKCA/GABARAPL2/GNG8/GNG7/ADCY9/GNB2/GNAI1/ADCY2/GLUL/PRKCB/ABAT/GABRP"
"hsa05032","hsa05032","Morphine addiction",86,-0.34766842646291,-1.11327053030997,0.269749518304432,0.465387747715139,0.324381218179827,5923,"tags=38%, list=31%, signal=26%","GABRR3/GABRB3/CACNA1B/ADCY1/GABRA2/PDE11A/GNG13/GNG3/KCNJ9/KCNJ5/GABRA5/PDE2A/GNAI2/PDE3A/ADCY6/ARRB2/ADCY7/GABRB2/GRK6/GABRQ/PRKACB/PDE4A/PRKCA/GNG8/GNG7/ADCY9/PDE7B/GNB2/GNAI1/ADCY2/PRKCB/GABRP"
"hsa05033","hsa05033","Nicotine addiction",37,-0.404791211254809,-1.12708190250841,0.270428015564202,0.465387747715139,0.324381218179827,67,"tags=32%, list=0%, signal=32%","GABRB3/CACNA1B/GABRA2/GRIN2C/GRIN1/GABRA5/CHRNA4/GABRB2/GABRQ/GRIN3B/GABRP"
"hsa00062","hsa00062","Fatty acid elongation",22,0.438276638571571,1.12675844697061,0.274131274131274,0.466360964138742,0.325059562486463,3660,"tags=32%, list=19%, signal=26%","ELOVL7/HACD3/ACOT7/HSD17B12/HACD1/ELOVL6/PPT1"
"hsa05213","hsa05213","Endometrial cancer",58,0.361511408584759,1.10200892286472,0.27536231884058,0.466360964138742,0.325059562486463,3785,"tags=33%, list=20%, signal=26%","AKT3/MYC/NRAS/GADD45A/PIK3CB/SOS1/TP53/EGFR/DDB2/LEF1/CCND1/MAP2K1/PIK3CA/TCF7L1/POLK/PTEN/GSK3B/CDKN1A/KRAS"
"hsa04370","hsa04370","VEGF signaling pathway",55,0.364933068286605,1.10686472014731,0.275720164609054,0.466360964138742,0.325059562486463,1316,"tags=15%, list=7%, signal=14%","PTGS2/AKT3/PLA2G4C/PLA2G4A/VEGFA/NRAS/PIK3CB/PTK2"
"hsa05100","hsa05100","Bacterial invasion of epithelial cells",72,0.349287385589791,1.1052971857152,0.280590717299578,0.471902570003836,0.328922132719601,2736,"tags=22%, list=14%, signal=19%","FN1/CAV1/WASF1/CAV2/DNM3/PIK3CB/PTK2/ARPC1A/SEPT8/CRKL/SEPT11/CRK/VCL/ITGB1/SRC/ARPC5"
"hsa00260","hsa00260","Glycine, serine and threonine metabolism",37,0.401355320604156,1.14105481402575,0.284836065573771,0.476336019264611,0.332012303612602,3435,"tags=30%, list=18%, signal=24%","PSAT1/PSPH/PHGDH/SHMT2/GCSH/DLD/GRHPR/PGAM1/PIPOX/CBS/SDSL"
"hsa04740","hsa04740","Olfactory transduction",120,-0.319168297771771,-1.07648403335768,0.298311444652908,0.496068469759892,0.34576607422809,5640,"tags=22%, list=30%, signal=15%","OR2F1/ANO2/GUCY2D/GNG13/OR10D3/OR3A2/RGS2/CAMK2D/OR1A2/PDE2A/OR51E2/CAMK2A/CALM1/ARRB2/CNGA3/SLC24A4/OR2A4/PRKACB/CAMK2G/GNG7/CNGA4/CALML3/CALML5/GNAL/CALML4"
"hsa04726","hsa04726","Serotonergic synapse",104,-0.329025981361185,-1.08189760949592,0.303675048355899,0.498750601774375,0.347635554579578,3037,"tags=29%, list=16%, signal=24%","PLCB2/GABRB2/CACNA1F/ITPR1/HTR3A/ITPR3/HTR4/PLCB3/PRKACB/ALOX12/ALOX5/CACNA1D/PRKCA/GNAQ/GNG8/RAF1/GNG7/MAPK3/GNB2/ALOX12B/GNAI1/CYP2C18/TRPC1/MAOB/PRKCB/ALOX15/MAOA/CYP4X1/DUSP1"
"hsa04976","hsa04976","Bile secretion",71,-0.346199153238647,-1.08546263032339,0.304924242424242,0.498750601774375,0.347635554579578,3143,"tags=24%, list=17%, signal=20%","ABCG2/PRKACB/CFTR/ATP1A2/ATP1B3/SLCO1B3/ABCC2/SLC9A1/ADCY9/ATP1A1/EPHX1/ABCB4/ABCB1/ADCY2/ATP1B1/SLC51A"
"hsa04920","hsa04920","Adipocytokine signaling pathway",68,0.342520618579854,1.08122100069119,0.304979253112033,0.498750601774375,0.347635554579578,1310,"tags=12%, list=7%, signal=11%","AKT3/ACSL4/NFKBIA/JAK2/ADIPOR2/MAPK8/PTPN11/CPT1C"
"hsa01522","hsa01522","Endocrine resistance",94,0.328193817416015,1.08907804914429,0.310782241014799,0.505448040331761,0.352303754996533,4066,"tags=31%, list=21%, signal=24%","CDK4/AKT3/E2F3/BCL2/NRAS/PIK3CB/MAPK8/PTK2/SOS1/TP53/EGFR/RB1/MMP2/CCND1/SRC/MAP2K1/JAG2/MED1/NOTCH1/PIK3CA/NCOR1/CDKN2C/CDKN1A/SP1/RPS6KB1/KRAS/E2F2/MDM2/MMP9"
"hsa00515","hsa00515","Mannose type O-glycan biosynthesis",22,0.42550677739356,1.09392861374961,0.312741312741313,0.505854800936768,0.352587272345685,3499,"tags=32%, list=18%, signal=26%","B3GALNT2/POMGNT1/FUT4/FKTN/RXYLT1/B4GALT2/LARGE1"
"hsa05120","hsa05120","Epithelial cell signaling in Helicobacter pylori infection",69,-0.347814957108298,-1.08562342726208,0.315589353612167,0.507687221028269,0.353864492608609,3267,"tags=30%, list=17%, signal=25%","F11R/CSK/ATP6V0E1/JAM3/TJP1/MAPK14/TCIRG1/JAM2/CXCL2/ATP6AP1/ATP6V1G1/MAPK10/MET/ATP6V0D1/ATP6V1D/LYN/PLCG2/ATP6V0A4/CXCL1/PTPRZ1"
"hsa00020","hsa00020","Citrate cycle (TCA cycle)",29,0.40600474967041,1.10910169006902,0.318811881188119,0.51009900990099,0.355545540329282,4786,"tags=41%, list=25%, signal=31%","IDH1/CS/DLD/ACLY/MDH1/FH/SDHB/PDHA1/IDH3B/SUCLA2/SUCLG1/MDH2"
"hsa05235","hsa05235","PD-L1 expression and PD-1 checkpoint pathway in cancer",86,0.329882856697248,1.08691409435717,0.320910973084886,0.510697032436163,0.355962369692347,4607,"tags=34%, list=24%, signal=26%","AKT3/CD274/IFNG/NFKBIA/STAT1/JAK2/NRAS/PIK3CB/PTPN11/EGFR/CHUK/CSNK2A1/MAP2K1/HIF1A/PIK3CA/TLR4/PTEN/NFKBIE/CSNK2B/RPS6KB1/KRAS/STAT3/NFKB1/PPP3R1/BATF3/JAK1/PIK3R3/RASGRP1/IFNGR2"
"hsa04912","hsa04912","GnRH signaling pathway",86,-0.334629787681038,-1.07151945023953,0.333333333333333,0.525961139059399,0.366601647424048,4436,"tags=40%, list=23%, signal=30%","CAMK2A/CALM1/GRB2/ADCY6/HBEGF/PLCB2/ADCY7/MAPK7/CACNA1F/MAP3K3/ITPR1/GNA11/ITPR3/PLCB3/PRKACB/CAMK2G/MAPK14/CACNA1D/SOS2/PRKCA/GNAQ/RAF1/ADCY9/MAPK3/MAPK10/EGR1/ADCY2/PRKCD/MAP3K1/CALML3/PRKCB/CALML5/CALML4"
"hsa04072","hsa04072","Phospholipase D signaling pathway",142,0.292966519378259,1.03486342694089,0.334056399132321,0.525961139059399,0.366601647424048,1611,"tags=12%, list=9%, signal=11%","AKT3/KITLG/KIT/PLCB1/PLA2G4C/PLA2G4A/CXCL8/FCER1G/AGPAT3/AGPAT5/NRAS/DNM3/PIK3CB/PTPN11/RHEB/SOS1/EGFR"
"hsa04392","hsa04392","Hippo signaling pathway - multiple species",28,0.400580936368383,1.09092704120759,0.343137254901961,0.537400145243283,0.374574781179528,2506,"tags=25%, list=13%, signal=22%","AJUBA/STK3/RASSF6/LATS1/FRMD6/TEAD2/MOB1B"
"hsa01521","hsa01521","EGFR tyrosine kinase inhibitor resistance",78,0.329729755157694,1.06067965839358,0.350951374207188,0.54515127646759,0.379977418874992,3921,"tags=36%, list=21%, signal=29%","AKT3/BCL2/AXL/VEGFA/EIF4E2/JAK2/NRAS/BCL2L11/PIK3CB/SOS1/EIF4EBP1/EIF4E/EGFR/NF1/FGF2/PDGFA/SRC/MAP2K1/PDGFC/KDR/PIK3CA/NRG1/PTEN/GSK3B/RPS6KB1/KRAS/PDGFRA/STAT3"
"hsa04010","hsa04010","MAPK signaling pathway",282,0.267988373276692,1.03146841403978,0.351769911504425,0.54515127646759,0.379977418874992,2791,"tags=17%, list=15%, signal=14%","CACNA2D1/NTRK2/ANGPT2/AKT3/STMN1/KITLG/MYC/KIT/PLA2G4C/CD14/FGF1/PLA2G4A/MAP3K20/FAS/STK3/VEGFA/NRAS/GADD45A/DUSP10/PTPRR/MAPK8/DUSP16/FASLG/SOS1/TP53/EGFR/NF1/CRKL/NLK/CRK/ATF4/MAPKAPK5/CHUK/BDNF/MAP3K7/ATF2/RAP1B/FGF2/PDGFA/GNA12/DDIT3/TGFB2/MAP2K1/CDC25B/FLNA/PDGFC/MAPKAPK2"
"hsa04950","hsa04950","Maturity onset diabetes of the young",24,-0.437996218833831,-1.09854138779801,0.360416666666667,0.555642361111111,0.387289839181287,2336,"tags=17%, list=12%, signal=15%","FOXA3/HHEX/HES1"
"hsa00630","hsa00630","Glyoxylate and dicarboxylate metabolism",27,0.398978936583517,1.07514872261102,0.362573099415205,0.556070660243008,0.387588369159423,2423,"tags=26%, list=13%, signal=23%","SHMT2/GCSH/CS/DLD/MDH1/ACAT2/GRHPR"
"hsa00600","hsa00600","Sphingolipid metabolism",38,-0.376510320669496,-1.04761199736471,0.371541501976285,0.566398775353999,0.394787197615163,2915,"tags=32%, list=15%, signal=27%","ARSA/ACER1/SMPD1/SPTLC2/PLPP2/CERS4/SMPD3/SMPD2/UGCG/GALC/SGMS2"
"hsa05202","hsa05202","Transcriptional misregulation in cancer",170,0.285071533743259,1.03266842814827,0.373134328358209,0.566398775353999,0.394787197615163,3314,"tags=27%, list=17%, signal=23%","GZMB/MMP3/BCL2A1/PLAU/CCND2/MYC/ARNT2/ID2/HMGA2/CD14/CXCL8/SMAD1/TAF15/BMP2K/HDAC2/BIRC3/CCNT1/ETV6/CCNT2/FUS/GADD45A/PTK2/HOXA10/MYCN/TP53/TRAF1/PLAT/CD86/ITGAM/PBX3/ATF1/NSD2/DDB2/PDGFA/DDIT3/PBX1/TSPAN7/DDX5/ZEB1/PRCC/CD40/CSF1R/POLK/IGFBP3/KDM6A/ETV7"
"hsa04928","hsa04928","Parathyroid hormone synthesis, secretion and action",104,-0.316679258038937,-1.04129932484927,0.375241779497099,0.566691666995618,0.394991346839051,4443,"tags=37%, list=23%, signal=28%","GNAI2/MMP17/MMP24/ADCY6/ARRB2/SLC34A1/RHOA/HBEGF/PLCB2/ADCY7/ITPR1/RXRA/GNA11/ITPR3/PLCB3/PRKACB/PDE4A/CREB3L4/MEF2D/PRKCA/RXRB/GNAQ/MMP15/RAF1/ADCY9/AKAP13/MAPK3/GNAI1/EGR1/ADCY2/SLC9A3R1/FOS/MEF2C/PRKCB/SLC34A2/CYP24A1/NR4A2"
"hsa05410","hsa05410","Hypertrophic cardiomyopathy (HCM)",88,0.3140746248412,1.03746144209177,0.388429752066116,0.580666365391726,0.404731890529083,1309,"tags=7%, list=7%, signal=6%","CACNA2D1/DMD/ITGAV/TPM1/ITGA6/EDN1"
"hsa05231","hsa05231","Choline metabolism in cancer",93,-0.317883786387066,-1.02891390035843,0.388571428571429,0.580666365391726,0.404731890529083,2782,"tags=26%, list=15%, signal=22%","PIP5K1B/DGKB/WASF3/AKT1/CHKB/SOS2/PRKCA/PLPP2/PCYT1B/RAF1/SLC44A2/DGKD/MAPK3/CHPT1/MAPK10/GPCPD1/DGKH/PIK3CD/SLC44A3/FOS/PRKCB/SLC22A4/SLC44A4"
"hsa04742","hsa04742","Taste transduction",72,-0.329779532575127,-1.03816596769626,0.393939393939394,0.580666365391726,0.404731890529083,7391,"tags=43%, list=39%, signal=26%","HTR1B/TRPM5/GNB3/CACNA1A/HTR3B/TAS2R3/CALHM1/HCN4/ADCY4/GNAT3/GABRA2/HTR1A/P2RX2/P2RX3/GNG13/PKD2L1/CHRM3/P2RY4/GABRA5/SCN2A/ADCY6/GRM1/PLCB2/HTR3A/GRM4/ITPR3/PRKACB/SCN3A/SCNN1B/SCNN1A"
"hsa04211","hsa04211","Longevity regulating pathway",88,0.312972622348774,1.03382127187567,0.394628099173554,0.580666365391726,0.404731890529083,4566,"tags=31%, list=24%, signal=23%","AKT3/EIF4E2/NRAS/ADIPOR2/PIK3CB/RHEB/EIF4EBP1/TP53/EIF4E/ATG5/ATF4/SESN1/ATF2/KL/PIK3CA/APPL1/CAMKK2/ULK1/RPS6KB1/KRAS/NFKB1/EHMT1/AKT1S1/SIRT1/SOD2/PIK3R3/IRS2"
"hsa04666","hsa04666","Fc gamma R-mediated phagocytosis",86,-0.320715901486279,-1.02696573674791,0.394990366088632,0.580666365391726,0.404731890529083,2655,"tags=33%, list=14%, signal=28%","WASF3/ARPC1B/ARPC3/LAT/AKT1/PRKCE/LIMK2/PRKCA/PLPP2/ARF6/SCIN/RAF1/ASAP3/DOCK2/ARPC4/INPP5D/PTPRC/MAPK3/SYK/VAV3/VAV1/GSN/PRKCD/PIK3CD/LYN/PLCG2/PRKCB"
"hsa05322","hsa05322","Systemic lupus erythematosus",90,0.3121894644986,1.03497167609846,0.396265560165975,0.580666365391726,0.404731890529083,2129,"tags=16%, list=11%, signal=14%","FCGR3B/C1QB/IFNG/FCGR2A/HLA-DQA1/C1QA/SNRPD1/H2AFZ/C1QC/SNRPB/SSB/CD86/H2AFV/SNRPD3"
"hsa00534","hsa00534","Glycosaminoglycan biosynthesis - heparan sulfate / heparin",23,0.396912201533161,1.03090199948281,0.41796875,0.607042817126851,0.42311661506708,3630,"tags=30%, list=19%, signal=25%","GLCE/EXT1/HS2ST1/B3GALT6/HS6ST1/HS6ST2/EXTL2"
"hsa00591","hsa00591","Linoleic acid metabolism",23,-0.422034801534398,-1.05362499883036,0.418367346938776,0.607042817126851,0.42311661506708,760,"tags=13%, list=4%, signal=13%","ALOX15/CYP2E1"
"hsa05135","hsa05135","Yersinia infection",117,0.291908624157422,1.00156409920332,0.449152542372881,0.646877208644869,0.450881695926011,3382,"tags=20%, list=18%, signal=16%","FN1/CCL2/AKT3/CXCL8/NFKBIA/TBK1/PIK3CB/MAPK8/PYCARD/PTK2/CRKL/CRK/CHUK/MAP3K7/ITGB1/SRC/MAP2K1/PKN2/PIK3CA/IRAK1/IL1B/TLR4/CASP1"
"hsa04664","hsa04664","Fc epsilon RI signaling pathway",62,-0.327519041289166,-1.00679383711325,0.450191570881226,0.646877208644869,0.450881695926011,2529,"tags=29%, list=13%, signal=25%","LAT/ALOX5/AKT1/FCER1A/SOS2/PRKCA/RAF1/INPP5D/MAPK3/MAPK10/SYK/VAV3/VAV1/BTK/PIK3CD/LYN/PLCG2"
"hsa05418","hsa05418","Fluid shear stress and atherosclerosis",132,-0.293068252889034,-0.995850585887259,0.452513966480447,0.647073111488948,0.451018242716337,1275,"tags=14%, list=7%, signal=14%","NFE2L2/SDC1/GSTO2/CYBA/MGST1/PRKCZ/PIK3CD/FOS/CALML3/MEF2C/KLF2/CALML5/ASS1/IL1R2/CALML4/DUSP1/GSTA3/NQO1"
"hsa05016","hsa05016","Huntington disease",180,0.271842082545434,0.990128745411718,0.463002114164905,0.652362053055483,0.454704702698701,4383,"tags=36%, list=23%, signal=28%","TFAM/PLCB1/CYCS/CYC1/HIP1/HDAC2/POLR2D/NDUFB9/NDUFA9/VDAC1/PPIF/POLR2H/TP53/EP300/ATP5F1B/POLR2K/ATP5MC1/POLR2B/ATP5MC3/UQCRFS1/NDUFA5/NDUFA6/NDUFS2/TAF4/COX2/NDUFA12/BDNF/TBPL1/ATP5PF/NDUFB4/ATP5F1C/NDUFA8/POLR2G/ATP5PD/SDHB/UQCRC2/NDUFB5/COX7A2L/AP2S1/NDUFV3/NDUFA4/NDUFA7/NDUFAB1/TBP/NDUFS1/UQCR11/NDUFV1/ATP5F1E/NDUFB11/SP1/NDUFS6/ATP5PO/VDAC3/ATP5F1A/POLR2F/VDAC2/PLCB4/COX6C/UQCRB/UQCR10/NDUFA11/COX7B/COX5B/ATP5PB/SOD2"
"hsa04625","hsa04625","C-type lectin receptor signaling pathway",100,0.297398190196697,0.997461726680274,0.463675213675214,0.652362053055483,0.454704702698701,1364,"tags=13%, list=7%, signal=12%","PTGS2/AKT3/CLEC7A/FCER1G/NFKBIA/STAT1/NRAS/PIK3CB/MAPK8/PYCARD/PTPN11/IL23A/CLEC4E"
"hsa04145","hsa04145","Phagosome",138,0.284240404564098,0.995751238791367,0.464601769911504,0.652362053055483,0.454704702698701,2107,"tags=19%, list=11%, signal=17%","FCGR3B/TFRC/TUBB/THBS2/ITGAV/FCGR2A/CLEC7A/HLA-DQA1/CD14/PIKFYVE/TUBB2B/LAMP2/MARCO/CTSL/MRC1/OLR1/TAP1/ATP6V1C1/SEC61A2/DYNC1I1/M6PR/ITGAM/TAP2/THBS4/ATP6V1B2/SEC61G"
"hsa04022","hsa04022","cGMP-PKG signaling pathway",163,-0.285013495423757,-0.993786765304109,0.465028355387524,0.652362053055483,0.454704702698701,4504,"tags=35%, list=24%, signal=27%","PDE2A/MAP2K2/OPRD1/GNAI2/MYH7/CALM1/PDE3A/GATA4/ADCY6/MYLK3/RHOA/KNG1/PLCB2/ADCY7/PIK3R5/EDNRB/KCNMB2/CACNA1F/BAD/ITPR1/NFATC2/ADRA1B/GNA11/ITPR3/GTF2IRD1/PLCB3/PPP1CB/SLC25A4/ATP1A2/ATP1B3/CREB3L4/AKT1/CACNA1D/PRKCE/MEF2D/IRS1/GNAQ/RAF1/BDKRB2/ADCY9/PPP3CC/MAPK3/ADRB2/ATP1A1/PPP3CA/GNAI1/INSR/ADCY2/ATP1B1/NFATC1/ADRA2A/ATP2A3/CALML3/MEF2C/CALML5/CALML4"
"hsa04137","hsa04137","Mitophagy - animal",60,0.320310529542222,0.979224470049439,0.467908902691511,0.653306769795695,0.455363182361153,3785,"tags=32%, list=20%, signal=25%","BNIP3/RHOT1/TBK1/NRAS/MAPK8/TP53/ATG5/ATF4/TBC1D15/CSNK2A1/SRC/RAB7A/HIF1A/CALCOCO2/MFN1/ULK1/CSNK2B/SP1/KRAS"
"hsa00983","hsa00983","Drug metabolism - other enzymes",60,-0.32500444170733,-0.989483558807846,0.477842003853565,0.664043348078193,0.462846714876692,1413,"tags=17%, list=7%, signal=15%","DPYD/GSTO2/CES2/MGST1/NME7/NAT1/CYP2E1/GSTA3/CES1"
"hsa04024","hsa04024","cAMP signaling pathway",208,-0.274433973707421,-0.984709746661505,0.480662983425414,0.664842257448237,0.463403564935471,2820,"tags=18%, list=15%, signal=15%","PRKACB/CFTR/CAMK2G/PPARA/PDE4A/ATP1A2/DRD2/ATP1B3/CREB3L4/AKT1/CACNA1D/SLC9A1/RAF1/ADCY9/GRIN3B/MAPK3/ADRB2/ATP1A1/MAPK10/GNAI1/GIPR/VAV3/ADCY2/VAV1/CNGA4/ATP1B1/NFATC1/PTGER2/ATP2A3/PIK3CD/AFDN/FOS/CALML3/CALML5/OXTR/CALML4"
"hsa04142","hsa04142","Lysosome",118,-0.290550450189598,-0.976107688343142,0.487895716945996,0.671370967741935,0.46795415959253,2931,"tags=25%, list=15%, signal=22%","ARSA/MAN2B1/ARSG/NPC2/SMPD1/CTSF/TCIRG1/AP1B1/ATP6AP1/CTSD/GNPTG/AP1G1/SLC17A5/SGSH/CTNS/LAPTM4A/GALNS/SUMF1/LAPTM5/IDS/CTSV/ATP6V0D1/CTSE/SORT1/SLC11A2/AP1M2/FUCA1/GALC/ATP6V0A4"
"hsa00620","hsa00620","Pyruvate metabolism",38,0.339408081757077,0.971878961432457,0.48991935483871,0.671370967741935,0.46795415959253,3117,"tags=32%, list=16%, signal=26%","LDHA/ME2/DLD/PKM/MDH1/ACAT2/GRHPR/LDHB/ACACA/FH/GLO1/PDHA1"
"hsa04966","hsa04966","Collecting duct acid secretion",27,-0.377445424108582,-0.977134075012313,0.492842535787321,0.672264472779019,0.468576944042275,4424,"tags=41%, list=23%, signal=31%","ATP6V0C/ATP6V1B1/ATP6V1G2/ATP6V0E2/ATP6V0E1/TCIRG1/ATP6V1G1/ATP6V0D1/ATP6V1D/ATP6V0A4"
"hsa04380","hsa04380","Osteoclast differentiation",125,0.283448733659502,0.978715715550567,0.506465517241379,0.687677950015818,0.479320335003913,4867,"tags=35%, list=26%, signal=26%","SOCS1/FCGR3B/AKT3/IFNG/FCGR2A/TYROBP/TNFRSF11B/NFKBIA/STAT1/TYK2/PIK3CB/MAPK8/CTSK/STAT2/TNFRSF11A/CHUK/MAP3K7/TGFB2/MAP2K1/NCF2/FOSL2/PIK3CA/CSF1R/IL1B/ACP5/LILRB2/NFKB1/IL1A/PPP3R1/TRAF2/CSF1/JUNB/TNFRSF1A/JAK1/TGFBR1/FCGR2C/PIK3R3/IFNGR2/LILRB4/FOSL1/TAB2/JUN/RELB/RAC1"
"hsa04146","hsa04146","Peroxisome",79,-0.301014389553573,-0.963612115252351,0.515209125475285,0.694378735976286,0.48399086860367,5232,"tags=41%, list=28%, signal=29%","PEX11A/AMACR/MPV17L/MVK/DDO/ACOX3/XDH/ACOX2/PECR/ACOT8/PEX10/ACSL3/SCP2/PEX11B/PMVK/GSTK1/ACSL5/HACL1/PAOX/ACAA1/HMGCL/ABCD4/CRAT/ECI2/MLYCD/CAT/PHYH/ABCD3/PRDX1/PRDX5/SLC27A2"
"hsa05416","hsa05416","Viral myocarditis",54,0.321334607664645,0.975923530798974,0.516194331983806,0.694378735976286,0.48399086860367,1027,"tags=13%, list=5%, signal=12%","DMD/CAV1/HLA-DQA1/CYCS/ICAM1/PRF1/BID"
"hsa04140","hsa04140","Autophagy - animal",135,0.27984522840116,0.978344378559916,0.518438177874187,0.694378735976286,0.48399086860367,4445,"tags=33%, list=23%, signal=25%","AKT3/BCL2/BNIP3/LAMP2/CTSL/EIF2AK4/TBK1/NRAS/PIK3CB/MAPK8/RHEB/TANK/WDR41/MTMR4/ATG4C/NRBF2/ATG5/MAP3K7/STX17/CFLAR/PIK3R4/MAP2K1/RAB8A/RAB7A/HIF1A/EIF2S1/ATG12/PIK3CA/VMP1/DEPTOR/CAMKK2/ULK1/PTEN/RPS6KB1/KRAS/PIK3C3/SUPT20H/RAB33B/AKT1S1/UVRAG/PPP2CA/DDIT4/ATG3/PIK3R3"
"hsa00790","hsa00790","Folate biosynthesis",24,-0.381357628589063,-0.956485742440909,0.535416666666667,0.713888888888889,0.497589694958116,1098,"tags=25%, list=6%, signal=24%","ALPL/PTS/CBR1/AKR1B10/AKR1C3"
"hsa04330","hsa04330","Notch signaling pathway",51,-0.323738096017123,-0.951559862167118,0.539370078740158,0.715935171780658,0.499015980330757,3848,"tags=35%, list=20%, signal=28%","DLL3/CTBP1/DVL1/HEY2/NOTCH2/SNW1/CTBP2/DTX2/PSEN1/APH1B/MFNG/DTX1/KAT2B/DTX4/HEY1/HES1/PSENEN"
"hsa05030","hsa05030","Cocaine addiction",49,-0.320253077260469,-0.930138847381187,0.565922920892495,0.743537351204424,0.51825505275984,2932,"tags=18%, list=15%, signal=16%","PRKACB/DRD2/CREB3L4/RGS9/GRIN3B/GNAI1/MAOB/MAOA"
"hsa04514","hsa04514","Cell adhesion molecules (CAMs)",136,-0.278515852538936,-0.951666103395001,0.569060773480663,0.743537351204424,0.51825505275984,3255,"tags=26%, list=17%, signal=21%","ITGAL/GLG1/F11R/CLDN23/NRXN2/CLDN9/SPN/SELP/JAM3/JAM2/ITGB7/CDH1/HLA-DMA/HLA-E/ITGB2/PTPRC/HLA-DMB/HLA-DOA/HLA-DOB/SELL/SDC1/CDH3/CLDN4/VSIR/ICAM3/LRRC4/CLDN8/VTCN1/OCLN/CLDN7/CD22/CLDN3/ALCAM/CLDN10"
"hsa00480","hsa00480","Glutathione metabolism",49,-0.319525772163257,-0.928026471972958,0.569979716024341,0.743537351204424,0.51825505275984,3467,"tags=37%, list=18%, signal=30%","GSTP1/GSTM1/GSTM3/GGT7/GSTK1/GSTT2/GSTM2/MGST2/GCLC/GPX3/GPX1/GSR/GSTO2/GPX2/MGST1/GCLM/GSTA3"
"hsa04270","hsa04270","Vascular smooth muscle contraction",122,0.275581815755395,0.948623793904395,0.570212765957447,0.743537351204424,0.51825505275984,1662,"tags=11%, list=9%, signal=10%","CALD1/KCNMA1/ACTA2/PLCB1/PLA2G4C/GUCY1B1/PLA2G4A/PLA2G3/EDN1/GUCY1A1/MYL6B/PPP1CC/ADM"
"hsa04152","hsa04152","AMPK signaling pathway",117,0.273106304881632,0.937051692203534,0.582627118644068,0.754213542592546,0.52569649483691,4252,"tags=26%, list=22%, signal=21%","AKT3/CCNA2/SCD5/ADIPOR2/PIK3CB/CPT1C/ELAVL1/RHEB/EIF4EBP1/PFKM/PFKP/HMGCR/MAP3K7/CCND1/RAB8A/ACACA/PPP2R2C/PIK3CA/STRADB/CAMKK2/SCD/ULK1/RPS6KB1/CD36/PPP2R1B/EEF2/AKT1S1/PPP2CA/PFKFB4/PPP2R3C/SIRT1"
"hsa04130","hsa04130","SNARE interactions in vesicular transport",34,-0.33328288170173,-0.911866747033918,0.589285714285714,0.754213542592546,0.52569649483691,1949,"tags=18%, list=10%, signal=16%","VAMP1/STX18/VAMP8/STX7/VAMP5"
"hsa00561","hsa00561","Glycerolipid metabolism",57,-0.304852288346117,-0.912795303210853,0.592954990215264,0.754213542592546,0.52569649483691,3016,"tags=26%, list=16%, signal=22%","GK2/AKR1A1/DGKB/MBOAT2/PLPP2/GK/ALDH3A2/DGKD/AGPAT2/DGKH/ALDH7A1/GPAT3/AKR1B10/MGLL"
"hsa04973","hsa04973","Carbohydrate digestion and absorption",41,-0.322334012839053,-0.915820300923624,0.593253968253968,0.754213542592546,0.52569649483691,2838,"tags=27%, list=15%, signal=23%","ATP1A2/ATP1B3/AKT1/CACNA1D/HK1/ATP1A1/ATP1B1/MGAM/PIK3CD/PRKCB"
"hsa00514","hsa00514","Other types of O-glycan biosynthesis",21,0.353634055759897,0.905861138272292,0.593511450381679,0.754213542592546,0.52569649483691,3504,"tags=29%, list=18%, signal=23%","POGLUT1/GXYLT1/COLGALT1/PLOD3/B4GALT2/COLGALT2"
"hsa04216","hsa04216","Ferroptosis",39,-0.326737756058474,-0.914003329841423,0.593688362919132,0.754213542592546,0.52569649483691,2176,"tags=28%, list=11%, signal=25%","GCLC/MAP1LC3A/TF/SLC40A1/SAT2/SLC11A2/SAT1/ALOX15/GCLM/CP"
"hsa00513","hsa00513","Various types of N-glycan biosynthesis",37,-0.321932149451075,-0.896372968072015,0.610894941634241,0.772755994545878,0.538620821233969,2297,"tags=19%, list=12%, signal=17%","MGAT1/MGAT4B/B4GALT1/ALG1/ST3GAL3/CHST9"
"hsa04261","hsa04261","Adrenergic signaling in cardiomyocytes",146,-0.266371861144776,-0.91872485779726,0.627306273062731,0.790138965219439,0.550736974335029,4379,"tags=33%, list=23%, signal=25%","MYH7/CAMK2A/CALM1/RAPGEF3/CACNG5/MYL2/ADCY6/CACNG3/PLCB2/ADCY7/PIK3R5/CACNA1F/SCN5A/TNNI3/ADRA1B/PPP2CB/PLCB3/SCN7A/PPP1CB/PRKACB/CAMK2G/ATP1A2/PPP1R1A/ATP1B3/MAPK14/CREB3L4/TNNC1/AKT1/CACNA1D/PRKCA/SLC9A1/GNAQ/KCNE1/KCNQ1/ADCY9/MAPK3/ADRB2/ATP1A1/GNAI1/PPP2R5C/PPP2R5A/ADCY2/ATP1B1/ATP2A3/CALML3/CALML5/CALML4"
"hsa05414","hsa05414","Dilated cardiomyopathy (DCM)",93,0.276184883256393,0.915584197964756,0.641509433962264,0.801526100522172,0.558673953422282,1038,"tags=5%, list=5%, signal=5%","CACNA2D1/DMD/ITGAV/TPM1/ITGA6"
"hsa04721","hsa04721","Synaptic vesicle cycle",76,-0.281528164650489,-0.894605489304242,0.64176245210728,0.801526100522172,0.558673953422282,4584,"tags=28%, list=24%, signal=21%","SLC6A13/ATP6V0C/SLC6A2/ATP6V1B1/ATP6V1G2/SLC6A9/CLTCL1/RIMS1/AP2A2/ATP6V0E2/ATP6V0E1/CPLX3/TCIRG1/NSF/ATP6V1G1/ATP6V0D1/UNC13B/SLC1A1/ATP6V1D/ATP6V0A4"
"hsa04722","hsa04722","Neurotrophin signaling pathway",117,0.265390890359013,0.910579428087901,0.665254237288136,0.827375017803732,0.576690979692501,2791,"tags=19%, list=15%, signal=16%","NTRK2/AKT3/BEX3/BCL2/NFKBIA/FRS2/NRAS/PIK3CB/MAPK8/PTPN11/FASLG/SOS1/SH2B3/RIPK2/TP53/CRKL/CRK/ATF4/BDNF/RAP1B/MAP2K1/MAPKAPK2"
"hsa05133","hsa05133","Pertussis",70,-0.282296752872269,-0.882634988519238,0.672348484848485,0.832699378724483,0.580402127418203,1765,"tags=17%, list=9%, signal=16%","MAPK3/MAPK10/GNAI1/CASP7/IRF8/CXCL6/FOS/CALML3/C3/CALML5/CALML4"
"hsa00860","hsa00860","Porphyrin and chlorophyll metabolism",29,0.315072438347937,0.860697748362654,0.683168316831683,0.839986645681309,0.585481445780713,4511,"tags=41%, list=24%, signal=32%","HEPH/CPOX/EARS2/EPRS/COX15/UGT2A3/BLVRA/UGT2B4/UGT2B15/GUSB/FECH/UROS"
"hsa04911","hsa04911","Insulin secretion",84,-0.276393325076341,-0.887074186624968,0.683908045977011,0.839986645681309,0.585481445780713,3807,"tags=30%, list=20%, signal=24%","ADCY7/CCK/KCNMB2/FFAR1/CACNA1F/PCLO/GNA11/ITPR3/KCNN4/PLCB3/PRKACB/CAMK2G/ATP1A2/ATP1B3/CREB3L4/CACNA1D/TRPM4/PRKCA/GNAQ/ADCY9/ATP1A1/ADCY2/ATP1B1/PRKCB"
"hsa04919","hsa04919","Thyroid hormone signaling pathway",118,0.262625628054095,0.900941555984128,0.688172043010753,0.841731093930507,0.586697348543312,3621,"tags=25%, list=19%, signal=21%","AKT3/MYC/ITGAV/PLCB1/HDAC2/STAT1/NRAS/PIK3CB/MED30/RHEB/MED14/TP53/MED17/EP300/PFKP/FXYD2/CCND1/SRC/SLC16A10/MAP2K1/KAT2A/MED1/HIF1A/NOTCH1/MED13/PIK3CA/TBC1D4/NCOR1/MED4/GSK3B"
"hsa04964","hsa04964","Proximal tubule bicarbonate reclamation",23,0.326509356861464,0.848044347183437,0.697265625,0.848231292517007,0.591228070175439,2193,"tags=17%, list=12%, signal=15%","GLS2/CA2/FXYD2/MDH1"
"hsa00520","hsa00520","Amino sugar and nucleotide sugar metabolism",46,0.289111214032028,0.860992056392259,0.69939879759519,0.848231292517007,0.591228070175439,2012,"tags=22%, list=11%, signal=19%","NPL/GNPDA1/GPI/CMAS/GNPNAT1/GFPT2/PGM3/UXS1/NANP/HEXB"
"hsa00650","hsa00650","Butanoate metabolism",24,-0.330914278292247,-0.829968421839865,0.702083333333333,0.848231292517007,0.591228070175439,1846,"tags=17%, list=10%, signal=15%","BDH2/BDH1/ABAT"
"hsa00562","hsa00562","Inositol phosphate metabolism",70,0.280963700631218,0.881004561852911,0.706751054852321,0.850063447538903,0.592505105681455,1878,"tags=16%, list=10%, signal=14%","PLCB1/MINPP1/PIKFYVE/INPP4A/INPP1/TPI1/PIK3C2A/ISYNA1/PIK3CB/SYNJ1/MTMR4"
"hsa05225","hsa05225","Hepatocellular carcinoma",157,0.254843261301291,0.912221651144393,0.711864406779661,0.850063447538903,0.592505105681455,3995,"tags=27%, list=21%, signal=22%","FZD7/CDK4/AKT3/MYC/E2F3/LRP6/WNT5A/NRAS/FZD2/SMAD4/GADD45A/PIK3CB/ACTL6A/SOS1/GSTO1/TP53/FZD6/EGFR/DVL3/ARID2/RB1/SMARCE1/DDB2/LEF1/FZD1/CCND1/TGFB2/MAP2K1/SMARCA4/SMARCD1/WNT2/PIK3CA/TCF7L1/POLK/SMARCA2/PTEN/GSK3B/CDKN1A/RPS6KB1/KRAS/E2F2/WNT10B/SMAD2"
"hsa05321","hsa05321","Inflammatory bowel disease (IBD)",61,0.283657212832515,0.87163682522205,0.712215320910973,0.850063447538903,0.592505105681455,4836,"tags=38%, list=26%, signal=28%","IFNG/HLA-DQA1/STAT1/GATA3/IL23A/TLR5/IL18R1/TGFB2/IL21R/IL1B/TLR4/STAT3/NFKB1/SMAD2/IL1A/IL18RAP/STAT4/IL12B/TGFB3/IL5/IFNGR2/IL12RB2/JUN"
"hsa04540","hsa04540","Gap junction",84,-0.270655923188526,-0.868660206795432,0.718390804597701,0.853990675345058,0.595242433739799,3133,"tags=25%, list=17%, signal=21%","ITPR3/PLCB3/PRKACB/TUBB6/TJP1/DRD2/SOS2/PRKCA/GNAQ/RAF1/ADCY9/MAPK3/GNAI1/ADCY2/TUBA4A/PRKCB/TUBA1A/TUBB3/TUBB4B/TUBB2A"
"hsa04929","hsa04929","GnRH secretion",62,0.282500647381242,0.869058064530583,0.73125,0.860660578801508,0.599891441838889,1204,"tags=8%, list=6%, signal=8%","SPP1/AKT3/PLCB1/NRAS/PIK3CB"
"hsa04930","hsa04930","Type II diabetes mellitus",45,-0.291863606738428,-0.841152960421169,0.732809430255403,0.860660578801508,0.599891441838889,2368,"tags=22%, list=13%, signal=19%","PRKCE/IRS1/HK1/MAPK3/MAPK10/INSR/PRKCZ/PRKCD/PIK3CD"
"hsa05214","hsa05214","Glioma",74,-0.270456296402502,-0.857000270078442,0.733459357277883,0.860660578801508,0.599891441838889,2823,"tags=22%, list=15%, signal=18%","CAMK1/CAMK2G/AKT1/SOS2/PRKCA/CDKN2A/RAF1/MAPK3/TGFA/PIK3CD/CALML3/PLCG2/PRKCB/CALML5/CALML4"
"hsa05340","hsa05340","Primary immunodeficiency",36,-0.299493330149669,-0.833918610931032,0.735632183908046,0.860660578801508,0.599891441838889,1858,"tags=22%, list=10%, signal=20%","PTPRC/TNFRSF13B/IL7R/AICDA/BTK/CD79A/CD19"
"hsa00564","hsa00564","Glycerophospholipid metabolism",86,0.26462111856336,0.871886542728234,0.739130434782609,0.861348853132489,0.60037117785906,1764,"tags=15%, list=9%, signal=14%","PLA2G4C/PLA2G4A/AGPAT3/AGPAT5/ETNK1/SELENOI/PLA2G3/CRLS1/LPGAT1/LPIN2/LYPLA1/LPCAT2/PLD3"
"hsa05223","hsa05223","Non-small cell lung cancer",66,0.274720604478252,0.86019747157297,0.74630021141649,0.864997632575758,0.6029144238437,3921,"tags=29%, list=21%, signal=23%","CDK4/AKT3/E2F3/NRAS/GADD45A/PIK3CB/SOS1/TP53/EGFR/RB1/DDB2/CCND1/MAP2K1/PIK3CA/POLK/CDKN1A/KRAS/E2F2/STAT3"
"hsa04725","hsa04725","Cholinergic synapse",108,-0.257734934878381,-0.857543997824869,0.748106060606061,0.864997632575758,0.6029144238437,4379,"tags=32%, list=23%, signal=25%","FYN/KCNQ4/CAMK2A/KCNJ14/CHRNA3/CHRNA4/ADCY6/PLCB2/ADCY7/PIK3R5/CACNA1F/ITPR1/GNA11/ITPR3/PLCB3/PRKACB/CAMK2G/CREB3L4/AKT1/CACNA1D/PRKCA/GNAQ/GNG8/GNG7/KCNQ1/ADCY9/MAPK3/GNB2/GNAI1/ADCY2/KCNJ2/PIK3CD/FOS/PRKCB"
"hsa05132","hsa05132","Salmonella infection",73,-0.264082243810562,-0.835672841388569,0.757518796992481,0.870588235294118,0.606811145510836,2590,"tags=22%, list=14%, signal=19%","MAPK14/ARPC1B/ARPC3/CXCL2/KLC1/ARPC4/MAPK3/DYNC1H1/MAPK10/FLNB/FOS/IL18/PFN2/DYNC2H1/CXCL1"
"hsa00030","hsa00030","Pentose phosphate pathway",28,0.298205803911706,0.812122459649846,0.758823529411765,0.870588235294118,0.606811145510836,1818,"tags=18%, list=10%, signal=16%","RPE/GPI/DERA/PFKM/PFKP"
"hsa03320","hsa03320","PPAR signaling pathway",73,0.268037772577859,0.848753414510858,0.765957446808511,0.871985944505029,0.6077853667247,1310,"tags=8%, list=7%, signal=8%","MMP1/LPL/SCD5/ACSL4/OLR1/CPT1C"
"hsa00380","hsa00380","Tryptophan metabolism",40,-0.291678095493769,-0.820529150468627,0.766932270916335,0.871985944505029,0.6077853667247,2184,"tags=18%, list=12%, signal=16%","ALDH3A2/CAT/CYP1B1/ALDH7A1/MAOB/MAOA"
"hsa04520","hsa04520","Adherens junction",68,0.268850332047384,0.848668983075139,0.771784232365145,0.871985944505029,0.6077853667247,2827,"tags=24%, list=15%, signal=20%","SSX2IP/WASF1/SNAI2/SMAD4/NECTIN3/FARP2/EGFR/EP300/NLK/FER/LEF1/VCL/MAP3K7/CSNK2A1/SRC/YES1"
"hsa00510","hsa00510","N-Glycan biosynthesis",48,0.276611928442752,0.824215822678907,0.771825396825397,0.871985944505029,0.6077853667247,3700,"tags=29%, list=20%, signal=24%","ALG6/ALG3/ALG8/RPN2/ALG13/STT3A/TUSC3/ALG10/DPM1/MGAT2/GANAB/ALG2/B4GALT2/MAN1A1"
"hsa04658","hsa04658","Th1 and Th2 cell differentiation",87,0.255863951361764,0.844695211976521,0.788501026694045,0.886008763809171,0.61755945130369,1301,"tags=10%, list=7%, signal=10%","IFNG/HLA-DQA1/NFKBIA/STAT1/JAK2/TYK2/MAPK8/GATA3/RBPJ"
"hsa00760","hsa00760","Nicotinate and nicotinamide metabolism",35,0.279200921445394,0.789864887135539,0.790224032586558,0.886008763809171,0.61755945130369,3358,"tags=23%, list=18%, signal=19%","NNMT/NNT/NT5C3A/NMNAT3/NADK2/NAMPT/NT5M/PNP"
"hsa04730","hsa04730","Long-term depression",56,0.276249515856387,0.841928157791119,0.794715447154472,0.887682159840466,0.61872582976078,4229,"tags=27%, list=22%, signal=21%","PLCB1/PLA2G4C/GUCY1B1/PLA2G4A/NRAS/GUCY1A1/GNA12/MAP2K1/GNAI3/PRKG1/KRAS/GRIA1/PLCB4/PPP2R1B/PPP2CA"
"hsa04961","hsa04961","Endocrine and other factor-regulated calcium reabsorption",50,-0.27338560951883,-0.801744633667934,0.800395256916996,0.889350419184891,0.619888627881361,4070,"tags=34%, list=21%, signal=27%","ADCY6/PLCB2/CLTCL1/AP2A2/PLCB3/PRKACB/ATP1A2/ATP1B3/PRKCA/GNAQ/ESR1/BDKRB2/ADCY9/ATP1A1/ATP1B1/PRKCB"
"hsa04014","hsa04014","Ras signaling pathway",216,-0.244388289039511,-0.88003057545961,0.802218114602588,0.889350419184891,0.619888627881361,2578,"tags=19%, list=14%, signal=16%","RASAL3/LAT/AKT1/RALB/ETS2/SOS2/PRKCA/BCL2L1/GNG8/ARF6/RAF1/RASAL1/PAK6/GNG7/RAB5A/FGF9/MAPK3/GNB2/RASGRP3/RASSF5/MAPK10/RASA3/RASAL2/MET/RGL2/INSR/FGFR2/RASGRP2/FGFR3/PLA2G16/TGFA/PIK3CD/AFDN/CALML3/PLCG2/PRKCB/CALML5/EPHA2/CALML4"
